countries,Livestock_prior,Waste_prior,Oil-Gas_prior,Rice_prior,Coal_prior,Reservoirs_prior,Other_prior,AnthroTotal_prior,Total_prior,Livestock_post,Waste_post,Oil-Gas_post,Rice_post,Coal_post,Reservoirs_post,Other_post,AnthroTotal_post,Total_post,Livestock_post_min,Waste_post_min,Oil-Gas_post_min,Rice_post_min,Coal_post_min,Reservoirs_post_min,Other_post_min,AnthroTotal_post_min,Total_post_min,Livestock_post_max,Waste_post_max,Oil-Gas_post_max,Rice_post_max,Coal_post_max,Reservoirs_post_max,Other_post_max,AnthroTotal_post_max,Total_post_max,sensitivity
Afghanistan,0.4539716296685495,0.004997222694013305,0.01001403544369516,0.0,8.463538874320918e-05,0.011552030205682327,0.013361875694372142,0.49398142909505566,0.49398142909505566,0.6002384505472264,0.005985842783176969,0.016520884887278504,0.0,5.5504923131974415e-05,0.0063988466311192755,0.015644900365584784,0.6448444301375178,0.6448444301375178,0.20105166486063952,0.0016375392668970916,0.003363335734618037,0.0,5.538391128169089e-05,0.0023613497731953563,0.0038078016297010096,0.2090148824030989,0.2090148824030989,0.034555699635537285,5.148452434563817e-05,0.0003109412431136112,0.0,2.1223467639495375e-05,0.0026115749863476296,0.00018583355657857126,0.03212659649920968,0.03212659649920968,0.5775414432350247
Albania,0.05374578765811518,0.03497718617301725,0.00081250263811791,0.0,8.463901992671035e-05,0.015714401385650438,0.003331185665373239,0.10866570254020072,0.10866570254020072,0.025907950162048762,0.01858993166293528,0.00032720348219700284,0.0,4.809928617656154e-05,0.008868852819300416,0.0017163943867629634,0.05545843179942099,0.05545843179942099,0.00746545843637593,0.001598667395619053,0.0003451018497826451,0.0,1.876535252589884e-06,0.0010875293336688298,0.00018058092203052318,0.0066549477289180245,0.0066549477289180245,0.008191192252467443,0.004411381244644137,0.0001491242866088179,0.0,2.0756043683344996e-05,0.002224183345571222,0.0004489125117851224,0.015433372268514364,0.015433372268514364,0.7245846359251109
Algeria,0.1976150758520298,0.38573626418016477,1.0064772771971098,0.0,0.0,0.0036181529696480757,0.017660215225426504,1.6111069854243791,1.6111069854243791,0.13905678527825596,0.45040425626029323,1.1409526675007415,0.0,0.0,0.004140832105856667,0.021208828468400037,1.7557633696135475,1.7557633696135475,0.09114090908597988,0.043631796729709904,0.38508792184397733,0.0,0.0,0.0006866784429777947,0.00828063162923602,0.5012168215079253,0.5012168215079253,0.016940104899517833,0.018413544764314782,0.07379411824862836,0.0,0.0,0.0022244432977861685,0.0010078068620847126,0.08834754984013338,0.08834754984013338,0.8627621153734594
Angola,0.43580405890241797,0.041114018244125694,0.7928193095277553,0.00033434190189117035,0.0,0.10614614546707636,0.06960432380530407,1.4458221978485706,1.4458221978485706,0.31832770465746935,0.015756678627695146,0.22448514881257242,9.174798153367582e-05,0.0,0.059842318094645304,0.032168915835856966,0.6506725140097729,0.6506725140097729,0.05753581060947299,0.0021006519212853035,0.266088447248317,0.0003511906888480446,0.0,0.001384383951510186,0.005805005962312856,0.3044350136268469,0.3044350136268469,0.044158038981282954,0.00869169124331905,0.18791505755210675,9.121511490522834e-05,0.0,0.02398157019798027,0.014239220597931396,0.2722374483757666,0.2722374483757666,0.5188250751743755
Argentina,2.724768627927025,0.7342565964104708,0.3471492466030557,0.017651364555814453,0.0002620088984813356,0.307535444320218,0.10152155253829269,4.233144841253357,4.233144841253357,3.53258748286638,1.2468134521654133,0.48957490404789517,0.015963002284042214,0.0002582208504705331,0.24200566529949497,0.14162330532732792,5.668826032841025,5.668826032841025,0.8574010641666412,0.37494031162617913,0.12669512842171377,0.0016364947731634504,7.740819776801838e-06,0.09645080927822966,0.0329386005391671,1.439231226323539,1.439231226323539,0.4174938484250359,0.12898620175145115,0.16044904149788786,0.00018190657386742484,2.530865268744395e-06,0.027868990972152674,0.022825864146702762,0.7129600041388819,0.7129600041388819,0.635854712165345
Armenia,0.044222341415044324,0.02666631927618085,0.03708463714772685,0.0,0.0,0.00019618383138378143,0.003580752161120003,0.11175023383145581,0.11175023383145581,0.0341588767495276,0.03549735395852055,0.039491821897167795,0.0,0.0,0.00014052066784268322,0.004224477338370737,0.11351305061142937,0.11351305061142937,0.007993411021932535,0.005807617258203633,0.0037202202278038624,0.0,0.0,3.2452489332681167e-05,0.00042856197908059876,0.014675976947763347,0.014675976947763347,0.009820501387154762,0.002365358015299898,0.0005816568564168748,0.0,0.0,8.194107469158796e-05,0.00010976776757859637,0.004320446065493241,0.004320446065493241,0.254007030429102
Australia,2.627496698801077,0.01078150822043961,0.2839127307471117,0.0,1.0069951969894715,0.07242897234666137,0.06049440419537096,4.0621095113001315,4.0621095113001315,3.7017872274584684,0.01721888612302623,0.7167022843130466,0.0,0.9010117131819864,0.1419745272561413,0.1834182668350018,5.66211290516767,5.66211290516767,1.4428337171056103,0.002683973724845171,0.6423248795061142,0.0,0.03824202261577614,0.04901468295694378,0.09407218111239678,2.158397009418581,2.158397009418581,0.13004979284534057,0.007272875443274901,0.0850567793610868,0.0,0.04581309678600509,0.006708471485266987,0.01738953879693733,0.28808423056799004,0.28808423056799004,0.7653429913044043
Austria,0.17195884820143004,0.035088032938922833,0.010151586244820538,0.0,0.0,0.03448715112986901,0.03611977609688169,0.2878053946119241,0.2878053946119241,0.3201804919152209,0.055462660516052344,0.01403717247888794,0.0,0.0,0.05504738125660453,0.054712296416599485,0.4994400025833652,0.4994400025833652,0.018595058490776584,0.0058643041727773,0.0013401059383715622,0.0,0.0,0.001626694359621643,0.0027404546581714165,0.02591595495023602,0.02591595495023602,0.0030745656583296976,0.001733111231460957,0.000461634590314175,0.0,0.0,0.0016877760681153764,0.00035423225401366026,0.0029495164422175257,0.0029495164422175257,0.7275847193577747
Azerbaijan,0.19377869958859556,0.03207533044168836,0.4419535166419051,0.0,0.0,0.04858509631936555,0.0057798622628535065,0.7221725052544081,0.7221725052544081,0.26861417678241345,0.04494177847670213,0.7852275466822974,0.0,0.0,0.0520984930113178,0.007602234223822445,1.1584842291765531,1.1584842291765531,0.041736030394558504,2.673480863837896e-05,0.049475675832741484,0.0,0.0,0.004305804291320894,0.0001434941890445249,0.08218055306314764,0.08218055306314764,0.011037568773378914,0.00432952714070025,0.0014321155977076172,0.0,0.0,0.004155054609052959,7.946433574295905e-05,0.016677468507244164,0.016677468507244164,0.6149022399948479
Bangladesh,0.8443430505122324,0.6410823008942038,0.06238428392316954,0.3843996553907034,0.011787047985785283,0.04921979275255712,0.15475308129962054,2.147969212758272,2.147969212758272,0.8483090638140122,1.1910011430685667,0.07459534473989969,2.6779853963631854,0.014783187643613275,0.030459927220777044,0.20159449479257868,5.038728557642632,5.038728557642632,0.05613283154494797,0.0951027256300343,0.0006881202920724638,0.16284455173018042,0.0020739067007207214,0.022767555382112573,0.014604464493554625,0.28391154000456,0.28391154000456,0.04668103648498356,0.05808174369109098,0.008012424084508543,0.09080046755507265,0.001783530018029467,0.010599052763001156,0.010863717933956213,0.20640385318107324,0.20640385318107324,0.9445358191688216
Belarus,0.3572534226126879,0.23050697803472234,0.11542544490158035,0.0,0.0,0.0,0.023014858580503696,0.7262007041294942,0.7262007041294942,0.25073558228880083,0.3530140884139428,0.1657436774796216,0.0,0.0,0.0,0.03445138611830763,0.8039447343006729,0.8039447343006729,0.00814641502795413,0.03213155403378121,0.011566224677760889,0.0,0.0,0.0,0.0033963430099807797,0.031419851803184184,0.031419851803184184,0.014046093237628288,0.0,0.0022750586809535123,0.0,0.0,0.0,0.0,0.0,0.0,0.9024673524804522
Belgium,0.20666784240288918,0.031200515987892204,0.01796850960501296,0.0,0.0,0.0002630015840776825,0.036401874240886596,0.2925017438207586,0.2925017438207586,0.40223129557196363,0.05278852645882175,0.032678106003943615,0.0,0.0,0.0008360601652522603,0.06317180579955285,0.5517057939995341,0.5517057939995341,0.05169452629392651,0.003940052906014194,0.0030882968072165166,0.0,0.0,0.00030881056587965885,0.00531137500440914,0.06423040412066838,0.06423040412066838,0.004436283142547126,0.004253195364298613,0.001623050931155924,0.0,0.0,0.0,0.00468274816746074,0.008609840424838477,0.008609840424838477,0.5326822096755732
Benin,0.1341595506488813,0.026898580867222785,0.00022579307642573625,0.0716396086203065,0.0,0.0,0.027633881448460136,0.26055741466129645,0.26055741466129645,0.08808430142572993,0.01968797698174123,0.00015735170122717492,0.03244128040134903,0.0,0.0,0.01945839440420676,0.15982930491425412,0.15982930491425412,0.032585192809633165,0.0010392342310817197,2.9523615728378977e-05,0.12196650035996173,0.0,0.0,0.0033041394024606006,0.15892459041886559,0.15892459041886559,0.023026621780637926,0.0036418701402517184,3.442937512461767e-05,0.01972824735917894,0.0,0.0,0.004142644290666346,0.050573812945859525,0.050573812945859525,0.0707674321589961
Bhutan,0.018060225988919026,0.005847726400955512,0.0001922268468501302,0.0025254023687925637,0.00011209027061557855,0.0,0.01218874518721343,0.03892641706334624,0.03892641706334624,0.03634570045249638,0.011768386078207935,0.0003868511611554262,0.005082301742762034,0.00022557853937889296,0.0,0.024529509306144746,0.07833832728014542,0.07833832728014542,0.0026381095236083646,0.0008541943339624956,2.8079132325347538e-05,0.00036889283911189716,1.637335051046592e-05,0.0,0.0017804453155211009,0.0056860944950396786,0.0056860944950396786,0.021783046883818512,0.0070531397798628305,0.0002318512747201573,0.003045972859568153,0.00013519585090115453,0.0,0.014701256121096816,0.046950462769967644,0.046950462769967644,0.2388319522142412
Bolivia,0.4495833324267388,0.07396339525811998,0.06101003763079628,0.018221807214747143,0.0,0.0001928818496427543,0.012453625942789917,0.6154250803228348,0.6154250803228348,0.26827569811709834,0.0834073263341341,0.09701284600344623,0.057114029746334866,0.0,0.00017925586961354683,0.016013436132322364,0.5220025922029494,0.5220025922029494,0.03029528156808972,0.023270649121182346,0.034296499142191655,0.03912069712561163,0.0,9.338859040154235e-06,0.004649939431742226,0.11604204625698322,0.11604204625698322,0.005872398593048056,0.013544133994818686,0.018108710356434674,0.047314093048034175,0.0,4.488942943521877e-05,0.0008027554661170742,0.06714459197955436,0.06714459197955436,0.807673649052562
Botswana,0.07565159339315332,0.03152651781909797,0.0005542841484680782,0.0,0.025272706897548992,0.0,0.0068775057270999,0.13988260798536828,0.13988260798536828,0.04519743266686716,0.019680748018530106,0.0003377575009269812,0.0,0.015355914864676346,0.0,0.004206080293876553,0.08477793334487714,0.08477793334487714,0.0435803667188841,0.012522230233576043,0.00029521615711470216,0.0,0.012087701775621129,0.0,0.0032714924025848574,0.07175700728778082,0.07175700728778082,0.019232715204067434,0.007721392131517506,0.00013921963236408102,0.0,0.006593071302659414,0.0,0.001725071190118362,0.03541146946072679,0.03541146946072679,0.1981338196617142
Brazil,12.448871996047423,2.889469938941559,0.1894870904218663,0.4645827477966472,0.04519995144156084,4.424255159982669,0.6905675871557839,21.152434471787508,21.152434471787508,10.774749172672983,4.792496811217375,0.17351600074031512,0.5542912971237638,0.05667543823414332,4.253096354209441,1.1854535489987477,21.79027862319677,21.79027862319677,5.038700415832388,0.9754908149911019,0.04594653376401722,0.12583400998217031,0.008838395790227528,0.2191181783897429,0.3310261204395226,6.469424056494011,6.469424056494011,1.0757317579832826,0.4249674248873925,0.0225832872828772,0.05614781888117637,0.006304957684899103,0.013376414070895848,0.18268287451754017,1.5201427035797934,1.5201427035797934,0.9451652271418262
Brunei,0.0006524360123420971,0.013945985473410737,0.10695927918613266,0.0,0.0,0.0,0.0008488451887255909,0.12240654586061107,0.12240654586061107,0.0007849385806214296,0.01677826152417581,0.12868153075620326,0.0,0.0,0.0,0.001011384447394259,0.14725611530839475,0.14725611530839475,6.390406623209201e-05,0.0013659656464476994,0.010476326769135333,0.0,0.0,0.0,8.233966364759636e-05,0.01198853614546272,0.01198853614546272,5.9710065119393204e-05,0.0012763178074462894,0.009788769173548678,0.0,0.0,0.0,8.512453670530976e-05,0.011209921582819693,0.011209921582819693,0.0574129127848416
Bulgaria,0.0743189807025762,0.09665862100606123,0.01122041979529637,0.004318331700693755,0.02689400414084336,0.0057734984167208455,0.07790678050710978,0.29709063626930154,0.29709063626930154,0.1082163697500568,0.1190659037769084,0.01594056594992602,0.007784107645943715,0.04285414961325496,0.009383691337151088,0.09291695508606845,0.39616174315930947,0.39616174315930947,0.020222067791173234,0.010789930773245165,0.0030973579272679137,0.002271708656032531,0.0021652791140999994,0.002270496502368607,0.01026349180996336,0.05007863941863494,0.05007863941863494,0.019483525637424254,0.0161744408702873,0.002935825654743089,0.0015970742796048189,0.0025171232083448514,0.0021408878230740405,0.015384000895607153,0.05769656464980727,0.05769656464980727,0.7449016513893456
Burkina Faso,0.5310544567148096,0.07822332180695873,0.0001196179087689007,0.0,0.0,0.022158099015705184,0.07790421988989582,0.7094597153361382,0.7094597153361382,0.3170314600858407,0.0420068870075275,7.51705403681332e-05,0.0,0.0,0.01239708944016693,0.04453361367588585,0.4160442207497892,0.4160442207497892,0.08965472895957238,0.027615862809125376,1.0601368121463328e-05,0.0,0.0,0.007209208279733977,0.020094702631800326,0.14458005763599713,0.14458005763599713,0.08804149946008166,0.014165254803097688,1.499264077895329e-05,0.0,0.0,0.00402334772005267,0.013552358275554025,0.1197974528995649,0.1197974528995649,0.273608930125606
Burundi,0.046050004927524084,0.0005096027345312241,7.637724592997916e-06,0.005209037346757571,0.0,0.0,0.043859330303350104,0.09563561303675598,0.09563561303675598,0.04979272067744082,0.0004705489053600821,9.977263973075863e-06,0.004936977792657339,0.0,0.0,0.04821692192652188,0.1034271465659532,0.1034271465659532,0.003566222323114508,0.0,1.926774874995123e-06,0.0,0.0,0.0,0.004012578710969279,0.0074208134356228694,0.0074208134356228694,0.023283536645301035,0.000284771877184221,3.7976927289237953e-06,0.002868039116026063,0.0,0.0,0.021908779023424044,0.04834840937709528,0.04834840937709528,0.0552785108561201
Cambodia,0.18679286264255124,0.010242138995204512,0.026134617900399944,0.6836292224249513,0.00034151353174084655,0.11189068498165375,0.053711330279873175,1.0727423707563746,1.0727423707563746,0.3153818211320749,0.014614521826535413,0.037701438605770764,1.4756927540152087,0.0003971831638524302,0.06877255308783642,0.08847910912917485,2.001039380960454,2.001039380960454,0.05876901855005123,0.0017533141770966678,0.008256194814687541,0.42149421449744384,1.7307316195107195e-05,0.050343871894042866,0.01578496984681607,0.4935389457351931,0.4935389457351931,0.03367962572056965,0.0008695837113373642,0.04235154307461159,0.16867578736760303,0.00011734426548162081,0.027243821364857923,0.009595586592246408,0.24074344507638212,0.24074344507638212,0.3721468449456935
Cameroon,0.29489021089934236,0.0800004322658321,0.0899601478014464,0.016111274977975425,0.0,0.07972685928130692,0.0803663285587739,0.6410552537846771,0.6410552537846771,0.702650658681828,0.09531615723953704,0.054448531227468296,0.019166654355282312,0.0,0.08949960930605017,0.12722908220010332,1.088310693010269,1.088310693010269,0.2869077398637748,0.007091592086980569,0.008555398978465488,0.000834326606767119,0.0,0.009281091644556996,0.02551283925868418,0.2618342190518268,0.2618342190518268,0.07078337950828861,0.008571060166400482,0.047520350520187236,0.007802921180042124,0.0,0.04208785189993955,0.015322501669042532,0.07600612411394203,0.07600612411394203,0.1359741643591369
Canada,1.2003140882365508,0.7644835139363343,1.4850331590554653,2.687130302914653e-06,0.04814597178581527,3.1552131906019025,0.05326987007582441,6.7064624808221955,6.7064624808221955,1.335386074067406,0.8519208147178208,1.3829645831082786,7.61251493197732e-07,0.032367014875857344,1.9091988650647007,0.05051049571101256,5.56234860879657,5.56234860879657,0.2257499462189536,0.19356340904880032,0.09997690799438441,1.9445442958012915e-06,0.005427164177600467,0.7758297616549639,0.008419458552632285,1.1920996093319944,1.1920996093319944,0.04768081754222053,0.019577570761033725,0.016453833038679422,5.720610279150572e-07,0.004430088316001286,0.11132813700215571,0.0006681610372245086,0.0,0.0,0.8364195717782134
Central African Republic,0.10364197661007284,0.02022009128708366,0.0011242141479162234,1.0711314869507393e-05,0.0,0.0,0.01192430332710449,0.1369212966870467,0.1369212966870467,0.12044442918162403,0.026920719545640622,0.001397770493024221,8.923272133569012e-06,0.0,0.0,0.013932104803285736,0.16270394729570817,0.16270394729570817,0.04969819645095645,0.010471308082724534,0.0006662726145831371,1.0377260454442677e-06,0.0,0.0,0.0068253495184510855,0.06766062458495826,0.06766062458495826,0.011653109176177637,0.0037728289883061372,0.00010666614771803664,1.1097189098951466e-06,0.0,0.0,0.000990430129017738,0.016521996715174125,0.016521996715174125,0.3378999033923945
Chad,0.46445338814023923,0.005011208609868126,0.07486944985045645,0.0036406667807172043,0.0,0.0,0.04702224813955289,0.5949969615208339,0.5949969615208339,1.430193473163918,0.004967996132358477,0.07844741007028942,0.0016225630835567356,0.0,0.0,0.08921506415102877,1.6044465066011515,1.6044465066011515,0.9287421521890411,0.0,0.001497197578886722,0.0010796870774413176,0.0,0.0,0.04060229023268416,0.9697752880309273,0.9697752880309273,0.031229351003358996,0.004451554036795436,0.07908470915864498,0.0009778686520993706,0.0,0.0,0.0014120580611321765,0.043498021741547044,0.043498021741547044,0.6164617243327773
Chile,0.2304775699849109,0.288786699939583,0.036970585574901134,0.007737297098931909,0.0003365017653137348,0.02844855721197562,0.04020117509786532,0.6329583866734817,0.6329583866734817,0.09532188752771574,0.17914901739939076,0.02582582143145944,0.0055982492415837005,0.0003007962006831476,0.013618983569094861,0.025512114617819284,0.3453268699877469,0.3453268699877469,0.18520836138983326,0.10168960253441775,0.018589725964761678,0.0023866947417726147,1.594059354926219e-05,0.014178308820373249,0.016681356512564395,0.33872543572604413,0.33872543572604413,0.031525352047271096,0.02492694197455586,0.004081828453804247,0.0007171737963025393,2.16572382269641e-05,0.0035783482646518285,0.00423771114356342,0.06908901291837594,0.06908901291837594,0.3769765775565123
China,13.021686883201093,6.642933672070988,1.2051963930486014,8.887857919320435,21.162468460904787,3.140566632667268,4.302593379355065,58.36330334056824,58.36330334056824,12.080447084733342,8.630240670187604,3.366444070391795,10.013735585275622,14.000304983583396,4.116685210160752,6.323432934809541,58.53129053914205,58.53129053914205,3.8359881690481306,1.112036151944964,1.4105296504706217,1.014287709867789,0.9044150070637063,1.0027537740619445,1.1345405559157742,9.435604896629727,9.435604896629727,1.1384738699631232,0.10376790872942898,0.4466603633009725,0.17254800147791904,0.614531450026158,0.0,0.2618210351734742,1.6129591735597657,1.6129591735597657,0.9880656554307644
Colombia,1.5780420705013336,0.7022433114079826,0.25007476873008055,0.0,0.20200176989265167,0.12490191425842473,0.06450242040064276,2.921766255191116,2.921766255191116,2.4885592663510105,1.6943290461016578,1.0069708751939002,0.0,0.3167508013728391,0.14093583580048452,0.16521441719700625,5.812760242016899,5.812760242016899,0.9728619363284665,0.49653012594131973,0.5862041817804664,0.0,0.055907743766077656,0.019192036878190724,0.05679230449881631,2.0018286498896978,2.0018286498896978,0.26047562498551,0.1790002129791728,0.05189592305905677,0.0,0.20545277941014545,0.031209049828021085,0.021934819388353566,0.6243452696308465,0.6243452696308465,0.5906845652823506
Costa Rica,0.08949508669671755,0.06297539641699804,1.0164093674634885e-05,0.011149258635587866,0.0,0.004866559777042657,0.004264722680790536,0.17276118830081125,0.17276118830081125,0.09817407171103933,0.06939023276577339,1.1226251112876982e-05,0.012338909580110967,0.0,0.00537514629628486,0.004507520804331244,0.18979710740865266,0.18979710740865266,0.031254878556081375,0.02779039648714128,4.807574541947988e-06,0.003425455293148893,0.0,0.0023026186382830403,0.0012114316508928294,0.06598958820008935,0.06598958820008935,0.025835878985181027,0.016424089759025873,2.5598054076935924e-06,0.00345110361650299,0.0,0.0012253944693606227,0.001203770491329163,0.048142797126807385,0.048142797126807385,0.1948302627884203
Croatia,0.05366487570209172,0.06429608312901644,0.00792210533894999,0.0,0.0,0.00542254673127466,0.015043267811340817,0.14634887871267363,0.14634887871267363,0.035151250685923875,0.035455572625554044,0.005582137996619627,0.0,0.0,0.0025350269505795817,0.008372218459140062,0.08709620671781718,0.08709620671781718,0.0011077650224813954,0.04883540980138039,2.5739236583131007e-05,0.0,0.0,0.006162854871455223,0.010798262684390726,0.06378432004057208,0.06378432004057208,0.005457656215882886,0.009514939786677265,0.002340305063939352,0.0,0.0,0.0009786305021334224,0.0021644788248287826,0.01876416836643792,0.01876416836643792,0.4681091426597692
Cuba,0.17759914574555924,0.09625599239767593,0.09401882775232188,0.011898440818271535,0.0,0.0,0.008972287455139182,0.38874469416896773,0.38874469416896773,0.09849427146650228,0.04745190150170516,0.026953799052831816,0.0060888926484262244,0.0,0.0,0.0043903276291943115,0.1833791922986598,0.1833791922986598,0.06661107601086583,0.04780421943811036,0.09668174417638434,0.006562663175174515,0.0,0.0,0.004102926947209786,0.2217626297477448,0.2217626297477448,0.03475963120169384,0.020558456405258586,0.025015740713011117,0.0024953487155322633,0.0,0.0,0.0018030149999552257,0.08463219203545103,0.08463219203545103,0.3167728315891164
Czechia,0.14337185907133615,0.1912545877481296,0.02447599057324393,0.0,0.06900180011547041,0.010085217484237194,0.053836509158843,0.4920259641512603,0.4920259641512603,0.22358021698117259,0.26851837992262184,0.031881104023834615,0.0,0.11685359455735164,0.01552119734826199,0.06863429014362728,0.72498878297687,0.72498878297687,0.02495273843869994,0.023195820836517528,0.002078492286597986,0.0,0.01901953210355882,0.0011016034229308427,0.004761209781519921,0.0737569809137556,0.0737569809137556,0.009941717728579241,0.008195126441312817,0.0003144376146260175,0.0,0.005172134116434843,0.0,0.0005313645855056226,0.024145227446714546,0.024145227446714546,0.7290144796775545
Ivory Coast,0.06271926471475843,0.08234049966578552,0.8132302072231432,0.11946097220745343,0.0,0.10528680961805291,0.06740071602037095,1.2504384694495643,1.2504384694495643,0.07168514669951712,0.06236823483425072,0.31043971745012733,0.11590368122276067,0.0,0.26166992155240815,0.07633240362382311,0.898399105382887,0.898399105382887,0.010612569005035315,0.0,0.6513150021764434,0.0017212649405947689,0.0,0.14252441836680707,0.011529011277337367,0.6627970877680316,0.6627970877680316,0.012698146732871007,0.009489084209355,0.1802404066154351,0.021473055470639754,0.0,0.008510744654799174,0.014163688745074662,0.022281309672653737,0.022281309672653737,0.4214812991053244
Democratic Republic of the Congo,0.14679447609658125,5.840609338000533,0.07413578015194879,0.02036315431246638,0.0,0.029250068985808616,0.24144648462840804,6.352599302175746,6.352599302175746,0.10954929857909784,1.8830790699193132,0.020533019481928674,0.007186298680900801,0.0,0.01171013299743224,0.17898772430698112,2.211045543965654,2.211045543965654,0.006693626761914012,0.11335569549407265,0.039893088915355264,0.002750828772749422,0.0,0.00253732316797403,0.030816127362350926,0.1095151512167738,0.1095151512167738,0.027694767531242365,0.5351732067729371,0.01848851515545358,0.0039046910085514487,0.0,0.003444222172606941,0.0042572567994077215,0.5871041728078459,0.5871041728078459,0.9354032979844736
Denmark,0.26396623778641964,0.04041267172987687,0.0022686674724965096,0.0,0.0,0.00011285111690727475,0.021782085119020942,0.3285425132247213,0.3285425132247213,0.37029702664998126,0.043056211282443344,0.0023244975300234427,0.0,0.0,0.00011285111690727475,0.022404059471911323,0.4381946460512667,0.4381946460512667,0.046878419092363954,0.0037734984446295,0.00014275782769348046,0.0,0.0,0.0,0.0006745369486631687,0.0466613084594385,0.0466613084594385,0.01831389978501019,0.0,8.450479138872452e-05,0.0,0.0,0.0,0.0010730589782321776,0.016901125628211555,0.016901125628211555,0.6015428885913716
Djibouti,0.010882405983084872,0.007728761568206757,4.260944241991829e-08,0.0,0.0,0.0,0.002310697452996508,0.020921907613730556,0.020921907613730556,0.13354370820787495,0.09482305417229099,5.22882803147617e-07,0.0,0.0,0.0,0.028299823204322547,0.2566671084672916,0.2566671084672916,0.11981054838490211,0.08507178864787227,4.6911139601301395e-07,0.0,0.0,0.0,0.025389570072652214,0.23027237621682262,0.23027237621682262,0.0,0.0,0.0,0.0,0.0,0.0,0.0,0.0,0.0,0.0203982871025798
Dominican Republic,0.2029799560366893,0.20559497405480615,0.0019244430904177866,0.018436822554270482,0.0,0.0005576504382848108,0.011191261630969049,0.4406851078054376,0.4406851078054376,0.23189144843360773,0.26155226220252814,0.0024489749769730502,0.022238293130891696,0.0,0.0006069196577412361,0.013890320084560386,0.5326282184863023,0.5326282184863023,0.02042336123737748,0.03805469007605494,0.00035668569880571016,0.00261994092441295,0.0,4.7043831636178735e-05,0.0017838592008325837,0.06327501609400538,0.06327501609400538,0.004296462595704709,0.01139893975341666,0.00010716853295937448,0.0007155947346783702,0.0,3.6201673033549493e-06,0.0005798310406367815,0.01710161682469913,0.01710161682469913,0.6811827479533152
Ecuador,0.3924543479217395,0.09366529008865154,0.03614208693015686,0.017289580231442097,0.0,0.003174546820926453,0.012285231891605212,0.5550110838845217,0.5550110838845217,0.5453685930496295,0.1171541175469539,0.034108955902716516,0.02903706086731505,0.0,0.003317118439031338,0.017237882797046807,0.7462237286026933,0.7462237286026933,0.13423065091321357,0.020941439470801126,0.0012773649503485043,0.010272290858466138,0.0,0.00019899939553677786,0.004420119290242703,0.170695743319228,0.170695743319228,0.36428348082108375,0.025965451098255016,0.0038564933834854334,0.034671700114636085,0.0,0.0006660359943661473,0.008408789209595004,0.4318530568976843,0.4318530568976843,0.2642155280426203
Egypt,0.30057284212609636,1.1869400519354554,0.4189793505372594,0.4587147939234265,0.00017660420214843476,0.3679244790279471,0.0478186861722029,2.781126807924536,2.781126807924536,0.19742345318645094,0.725207406926862,0.26309073148126555,0.2869567787569856,0.0001816864006915014,0.3679244790279471,0.03382684672815031,1.874611382508353,1.874611382508353,0.07535907793867978,0.08505229651104662,0.07667496743764107,0.014476000985186754,1.178578198535613e-05,0.0,0.006992583988714669,0.2580965462969991,0.2580965462969991,0.009873695334168653,0.023824714200418096,0.03853564928008901,0.0,9.932388890810439e-05,0.0,0.0005337716498381995,0.06816387041667182,0.06816387041667182,0.9621691406762743
El Salvador,0.07372787368502313,0.0709136860398766,1.8960881301631285e-06,0.00020648127384967647,0.0,0.03412673835005816,0.006604542063129058,0.1855812175000668,0.1855812175000668,0.08187751617121747,0.07260829913446076,2.0002174938352793e-06,0.0002182769694194761,0.0,0.03735538858433409,0.007093449570902004,0.19915493064782763,0.19915493064782763,0.004268143708391375,0.0,2.044757677897178e-08,2.613054949960567e-06,0.0,0.0015152028764070166,0.0002057524259989115,0.004893327144369575,0.004893327144369575,0.005481658953071178,0.006780413502801133,1.6512267036576935e-07,1.7856204298616097e-05,0.0,0.0025995556885570967,0.0005598292774572433,0.015251036319761768,0.015251036319761768,0.402958136298757
Equatorial Guinea,0.00038415970259231464,0.002641926826217303,0.057571166483142,0.0,0.0,0.0,0.0030084154535586524,0.06360566846551027,0.06360566846551027,0.0003505791594676401,0.0018706037940440547,0.048360806367957476,0.0,0.0,0.0,0.002484566932031331,0.0530665562535005,0.0530665562535005,8.65609294986862e-06,0.0002115678116290918,0.00301511350633122,0.0,0.0,0.0,0.00013814326098141472,0.003373480671891589,0.003373480671891589,3.9589199009603207e-05,0.0006709939775863976,0.011197517949928425,0.0,0.0,0.0,0.0005210024669183985,0.012171156239650677,0.012171156239650677,0.0018309209160443
Eritrea,0.14643885988539238,0.00152037211563065,0.0,0.0,0.0,0.0,0.007955941129100745,0.1559151731301238,0.1559151731301238,0.1019560339170571,0.0011530856943923647,0.0,0.0,0.0,0.0,0.005369665265598141,0.1084787848770476,0.1084787848770476,0.02789273883303431,0.00012501710694037718,0.0,0.0,0.0,0.0,0.0012523284378452666,0.029270084377819944,0.029270084377819944,0.027975583247820096,0.00021859246784449544,0.0,0.0,0.0,0.0,0.0015652177998008582,0.029759393515465443,0.029759393515465443,0.1942234783048816
Estonia,0.029734961159049864,0.010170702069566873,0.000944838305754411,0.0,0.0,0.0,0.012547443008902029,0.05339794454327318,0.05339794454327318,0.03223543484434195,0.010814984196380512,0.0010294480753879854,0.0,0.0,0.0,0.013669831797828021,0.05774969891393846,0.05774969891393846,0.004596094078955219,0.0014013578163448413,0.00015395329548568623,0.0,0.0,0.0,0.002097896671945567,0.008249301862731304,0.008249301862731304,0.009353946954165464,0.0031225640112620134,0.0003242673693402028,0.0,0.0,0.0,0.004433561916286579,0.01723434025105427,0.01723434025105427,0.378017469561475
Ethiopia,3.4131508562903385,0.1472248602991649,2.5357485317063583e-05,3.807716950988266e-05,0.013317118154408059,0.11973591321383979,0.5348555009292946,4.228347683541872,4.228347683541872,4.0292921589984845,0.11458300647133385,2.1396072379780988e-05,0.0001813110090147242,0.018080917220219116,0.19814167076674916,0.6306218280917292,4.9909222886299105,4.9909222886299105,0.009792871539641368,0.009376085261383726,3.5648387017772737e-06,7.427235019952568e-05,0.0017812084478026242,0.0027131162855681124,0.013323796032856161,0.0,0.0,0.24432268694821868,0.02810897944795937,3.430169626994721e-06,4.78312506370734e-07,0.005250410307844389,0.04514295555571074,0.043533645198773674,0.3545402141676428,0.3545402141676428,0.7111142727172609
Finland,0.09980556060275583,0.06268691111451485,0.0011890497137973487,0.0,0.0,0.30400197402488105,0.04673478202192726,0.5144182774778764,0.5144182774778764,0.0447243543426203,0.02421680515292235,0.00038411893081017435,0.0,0.0,0.07871591693842252,0.017087889757837316,0.16512908512261265,0.16512908512261265,0.01723307528264499,0.041563207128329144,0.001168278630098244,0.0,0.0,0.12749773984742477,0.032231826240839014,0.21969412712933617,0.21969412712933617,0.016636128317876794,0.010989038757341509,0.0002036237323321302,0.0,0.0,0.044468282469398365,0.008171608757880637,0.08046868203482943,0.08046868203482943,0.8177372565943009
France,1.539374082379462,0.5954138548768243,0.037237591245032696,5.739065711051313e-05,0.0,0.04213612989649076,0.15916021049463688,2.373379259549557,2.373379259549557,1.5616705130300081,0.5708433092964963,0.039680635320747434,5.739065711051313e-05,0.0,0.04387413578990761,0.1537631133684308,2.3698890974627007,2.3698890974627007,0.3475644555001527,0.07276163393968427,0.006809668427960117,0.0,0.0,0.0066173563293167245,0.031085026885086214,0.4611163202814823,0.4611163202814823,0.005848383969959237,0.02268719189860635,0.00044776026835671723,0.0,0.0,0.0004289830995304611,0.006373922358779566,0.03578624159523258,0.03578624159523258,0.8400238282645128
Gabon,0.329789421213122,0.0009789401669587593,0.005511535103531411,0.0,0.0,0.0008929845219784589,0.01755362525304155,0.35472650625863217,0.35472650625863217,0.3865855907370754,0.0018410658647716044,0.019720950477715854,0.0,0.0,0.0009349973591483865,0.02268974584557098,0.43177235028428224,0.43177235028428224,0.07714125575782665,0.0007960199660459128,0.01328579713709736,0.0,0.0,0.0,0.004927449821917878,0.0961448454464604,0.0961448454464604,0.011888204020592708,7.901129246490118e-05,0.023162639692995896,0.0,0.0,0.0007956519606579333,0.005506790282695257,0.03587906916345984,0.03587906916345984,0.0839036139798753
Gambia,0.06343006680461759,0.006639217227156373,1.980242008796535e-06,0.0,0.0,0.0,0.004265779823961789,0.07433704409774454,0.07433704409774454,0.06208457797052844,0.008533188374371947,2.17415984435799e-06,0.0,0.0,0.0,0.005326347804481682,0.07594628830922642,0.07594628830922642,0.010596617727884852,0.0022284025363026516,5.025622015134604e-07,0.0,0.0,0.0,0.0014545239021409866,0.014258751479556797,0.014258751479556797,0.04219719770634217,0.007799436930843021,1.9968163688556906e-06,0.0,0.0,0.0,0.005625668963514802,0.05562430041706887,0.05562430041706887,0.0801515188552622
Georgia,0.08966817830394846,0.07596375166883212,0.0706050092862539,0.0,0.0013265407945928056,0.007532482970548017,0.004368440143980463,0.24946440316815577,0.24946440316815577,0.06587668862419133,0.05398328229179927,0.05158617070120302,0.0,0.001023311884827376,0.0064453477529941485,0.0031729131569464015,0.18208771441196156,0.18208771441196156,0.03822022601519917,0.017182208610629586,0.020482116078065243,0.0,0.00047812965850338603,0.0018496194943783137,0.0012611666201819925,0.0794734664769577,0.0794734664769577,0.015022761370098378,0.01208043366795361,0.011265399963673504,0.0,0.0002705958371030301,0.0007482858498107309,0.0007052796713555597,0.04009275635999476,0.04009275635999476,0.3725275457364378
Germany,1.1788586508348213,0.14021839449432366,0.1793671768743285,0.0,0.005252581187449264,0.005835239029851061,0.26752483054550663,1.7770568729662806,1.7770568729662806,1.9859723511102887,0.22425514022794424,0.306507758892138,0.0,0.003994197103960988,0.009233703160134181,0.42947713290150596,2.9594402833959723,2.9594402833959723,0.24095819904493432,0.03838176439523999,0.0559658088623069,0.0,0.002643330184573092,0.00039485774112720494,0.07979876466680957,0.38912198115020713,0.38912198115020713,0.01872505563454796,0.0,0.0,0.0,0.0008272498274249024,4.051270744041997e-05,0.0,0.011614799896165984,0.011614799896165984,0.8185406601418819
Ghana,0.1580271256539341,0.1608456316640111,0.005576286925464415,0.008854947558409024,0.0,0.3981160142710673,0.03858532215319304,0.7700053282260789,0.7700053282260789,0.11656562691423737,0.10568319116210176,0.00430083518598509,0.005678924014967298,0.0,0.17497689859030544,0.029684583238450364,0.4368900591060473,0.4368900591060473,0.004796048672155509,0.0,0.0,0.0017320019241412465,0.0,0.04327711745627674,0.0,0.028143747753826887,0.028143747753826887,0.016815827309240958,0.02884435497618812,0.0013833248055977682,0.0016329600644359914,0.0,0.049766093886765866,0.004959270970538034,0.08657813830638306,0.08657813830638306,0.6606978161377001
Greece,0.17480780225117626,0.20163025325453943,0.0052252984886051335,0.005249930464807105,0.012237815044723686,0.02717876983256438,0.016835401116145305,0.4431652704525613,0.4431652704525613,0.1493690749819155,0.18060273300668794,0.004120401816752464,0.004177401391855607,0.004902458654688767,0.03010158291605465,0.01696153287115648,0.3902351856391114,0.3902351856391114,0.10770342501057988,0.003036160452426606,0.0005629634886076388,0.0,0.005770178822653557,0.00873864185395671,0.0016960800761600964,0.1192867876855987,0.1192867876855987,0.015724938924949333,0.00776288309326284,0.0003383351330495891,0.001241094752260423,0.002046834937940216,0.001334067250262673,0.0006156470448343623,0.02474466172974993,0.02474466172974993,0.7151397580082731
Guatemala,0.14791841283774673,0.0505138123041102,0.007859498250089709,0.00037345156503118277,0.0,0.002837998203036328,0.10245885299611122,0.3119620261561254,0.3119620261561254,0.30165109596409206,0.054898057835342254,0.023181856722239123,0.0006505595202840106,0.0,0.006343528501418224,0.19045092489395193,0.5771760234373275,0.5771760234373275,0.06021785692820211,0.0009350698571529287,0.0068237152143701164,9.253851497794611e-05,0.0,0.0013956350922645173,0.03264345972947669,0.095908801663171,0.095908801663171,0.004388241019114336,0.0065694191564555846,0.0004627210061800488,5.529316363371583e-06,0.0,7.672709554966753e-05,0.002644654562349996,0.0066428031424045075,0.0066428031424045075,0.6207352636909819
Guinea,0.29577354530951183,0.006708692488827177,2.6534844637777082e-05,0.0037816539562133262,0.0,0.0033213825519256093,0.06741939847722474,0.3770312076283404,0.3770312076283404,0.20118364235525088,0.005927148842128783,1.6582276356124462e-05,0.0023786786095548744,0.0,0.0025197798017467044,0.05800545947886554,0.2700312913639029,0.2700312913639029,0.037000784303993145,0.00045914398551548385,3.408476256883369e-06,0.0013553920827282006,0.0,0.00019538161418551333,0.008276921579685181,0.04630908407079884,0.04630908407079884,0.03839999615957376,0.00030998819512366525,5.853729784159864e-06,0.0006352152916633104,0.0,0.0004134266564326228,0.004835256792647458,0.03915122232382484,0.03915122232382484,0.1626277580074672
Guinea-Bissau,0.16458571312127002,0.002453014021139923,2.5235198101899176e-06,0.0,0.0,0.0,0.015565725363840517,0.18260697602606066,0.18260697602606066,0.12126110093409655,0.0022791477457256236,2.4687803951020875e-06,0.0,0.0,0.0,0.013348195491978222,0.1368909129521955,0.1368909129521955,0.00625487754935701,0.00016966480940252323,2.6485680508400164e-07,0.0,0.0,0.0,0.0008342589813190512,0.0065992074771077935,0.0065992074771077935,0.012347373760932465,0.0004150569218398224,5.83258314924834e-07,0.0,0.0,0.0,0.002136166025257286,0.014899179966344517,0.014899179966344517,0.2071520211981754
Guyana,0.01654407470631796,0.0038870451698980847,0.04800642170802176,0.023696638811883924,0.0,0.0,0.0014635146735776444,0.09359769506969938,0.09359769506969938,0.024758621568411215,0.008707836159466485,0.03896548496994104,0.04461893783198681,0.0,0.0,0.0023662366073925775,0.11941711713719813,0.11941711713719813,0.005021896157616595,0.003994906358678487,0.012122212383319824,0.01674925931422288,0.0,0.0,0.0006878348129606131,0.01895351258609873,0.01895351258609873,0.0074949552814621845,0.006102158522684387,0.016089966461510105,0.0255748051372192,0.0,0.0,0.001043197451073983,0.02809290400911993,0.02809290400911993,0.15328250534624
Haiti,0.13561645978331457,0.006673614339108718,1.6388612182417832e-05,0.022478134551564027,0.0,0.0,0.028685987820754707,0.19347058510692444,0.19347058510692444,0.15255538402397337,0.008065226235066204,2.022659181612872e-05,0.026818074469202115,0.0,0.0,0.03327209132957442,0.22073100264963225,0.22073100264963225,0.00886344737866071,0.0007910922113788408,2.210184702546837e-06,0.0024436794070884435,0.0,0.0,0.002557806708932242,0.014658235890762789,0.014658235890762789,0.005202145400861197,0.00042313642518711225,1.2780532848849343e-06,0.0012278880366766616,0.0,0.0,0.0013427398298037144,0.008137983993120934,0.008137983993120934,0.3311221055625304
Honduras,0.10320421505256769,0.04635886902506081,1.3375656768953182e-05,0.0012903736155256273,0.0,0.01927629751269222,0.024488212726869914,0.1946313435894852,0.1946313435894852,0.15140046099686652,0.07361318588195565,3.0209801926716138e-05,0.0016526217743555633,0.0,0.043716218087897656,0.03664400101819122,0.3070566975611933,0.3070566975611933,0.030476113302812885,0.01703231755599885,1.0248107427927855e-05,0.00023821189938541803,0.0,0.014875773832673626,0.007641881442718955,0.07027454614101764,0.07027454614101764,0.006948211151355771,0.002304430261240123,1.2046452314677364e-06,6.329319081832346e-05,0.0,0.0017412438088867874,0.0013694511057745495,0.012427834163307061,0.012427834163307061,0.3328165155557176
Hungary,0.11150154057396901,0.12835719892701208,0.059829419425276816,0.0,0.0012663799378570533,0.011187663932854532,0.023461401930056608,0.3356036047270261,0.3356036047270261,0.2822587547850385,0.20473833319308732,0.11636139420204707,0.0,0.0036856059666414203,0.012641579245926049,0.0383082276692542,0.6579938950619946,0.6579938950619946,0.07142436130893157,0.028120972347577766,0.022430456765164655,0.0,0.001482054149260972,0.0013094953708558382,0.005077692706930127,0.12693114510787418,0.12693114510787418,0.006034710755467132,0.00038329079814783396,0.0030753774959870056,0.0,0.0005738913057234127,0.0028190451158178094,0.0003877208442345237,0.012700916464147283,0.012700916464147283,0.6089863632112956
India,10.73865696600433,2.8493997562156133,0.8744745661425222,3.3954375490943485,0.8990183329708555,1.24462412845423,2.0640270170225246,22.065638315904422,22.065638315904422,8.228886933871733,6.067455104074908,1.8404635508879357,4.88017916849344,1.5040800721961554,1.6164860281029754,3.9392295161571114,28.076780373784263,28.076780373784263,1.4361888097522417,1.229514311577975,0.3806777973362854,0.4633117342526827,0.22962725049187682,0.07639892390475822,0.761659065087787,4.254203095881071,4.254203095881071,0.1372832417751173,0.14993291475713377,0.05807980686324932,0.03272629233642199,0.06365901384901429,0.24677587261778355,0.18067970224812635,0.5459620479242986,0.5459620479242986,0.9941856335923692
Indonesia,0.6926066193898117,7.466687350055209,0.5372545433687368,1.6659011595656559,0.11713585037860419,0.09182538127986495,0.43439862907058846,11.005809533108472,11.005809533108472,0.6267752685056824,5.7147268859462335,1.067313131429562,2.0740410183164166,0.174790954417674,0.0597251291338535,0.5971458865915787,10.314518274341001,10.314518274341001,0.11283564851491101,1.0913365269414141,0.29876604596632983,0.4380121768137113,0.03666702112608758,0.005280588447900837,0.16568345920562666,2.1426791559631813,2.1426791559631813,0.11184442107507131,0.3491151877976888,0.08901128320043639,0.10172101193715521,0.027344324039338147,0.003304895026129892,0.08909019169775301,0.7663500992153427,0.7663500992153427,0.8351652375691859
Iran,0.8383513107004085,0.8957431384789298,2.9818417963664463,0.061605667132121227,0.01996717193120441,0.3947970315268882,0.13193420958917268,5.324240325725172,5.324240325725172,2.12270845040004,2.400915390851062,2.510784311166255,0.23491573534266583,0.027061612321889153,0.20002393218994308,0.4868483450216348,7.98325777729349,7.98325777729349,0.8626448262781172,0.5222831293766528,0.4509496073998611,0.08703324898921797,0.007730380598038586,0.005173306937287098,0.23928835488287623,2.047798650786773,2.047798650786773,0.1144724512181674,0.06648412325374453,0.10499731421432923,0.0,0.03326774165415907,0.0957161474410454,0.013012922508304159,0.25979988787482533,0.25979988787482533,0.8892396355085866
Iraq,0.1183155930778092,0.16299895506096632,2.6960863105422437,0.0,0.0,0.14120201251712838,0.013088228916195857,3.1316911001143435,3.1316911001143435,0.28193388856689305,0.2871161647034809,1.3097802184150247,0.0,0.0,0.19975636899899946,0.029058901058692237,2.10764554174309,2.10764554174309,0.13653428515432073,0.10260324550525785,0.1655670948332426,0.0,0.0,0.012545672203749109,0.013385170276574217,0.2763000599663614,0.2763000599663614,0.09749153241746944,0.0,0.3524088215466059,0.0,0.0,0.03533848189201655,0.0,0.25878555501357514,0.25878555501357514,0.9203260099435951
Ireland,0.5940435161181422,0.029937541796406605,0.0030681040881131816,0.0,0.0,0.00859796537640242,0.012099181859010811,0.6477463092380753,0.6477463092380753,0.29931792437901217,0.016134619201562773,0.001658817571827738,0.0,0.0,0.004215334476001244,0.0064124675465966514,0.32773916317500057,0.32773916317500057,0.18338244790732505,0.008012353068036129,0.0007611671905912954,0.0,0.0,0.0033004984899934944,0.0032714067566142766,0.19872787341256024,0.19872787341256024,0.0903354795454957,0.004479978615307082,0.00045658431788433485,0.0,0.0,0.001360906122865417,0.0017875101629735053,0.09842045876452604,0.09842045876452604,0.615722228312163
Israel,0.04561159098144916,0.3106331592634842,0.0159894800499229,0.0,0.0,0.0,0.0052674064910977255,0.37750163678595405,0.37750163678595405,0.029173998712885986,0.1807268738386575,0.010363269793683093,0.0,0.0,0.0,0.0031635051384773516,0.22342764748370392,0.22342764748370392,0.006193412070461868,0.07726365927314566,0.002803269514083386,0.0,0.0,0.0,0.0011602509102263702,0.08742059176791728,0.08742059176791728,0.007632618595060391,0.048145391573092194,0.0023064482251028487,0.0,0.0,0.0,0.0007811299795739898,0.0588655883728294,0.0588655883728294,0.7476342024971782
Italy,0.6948726934167833,0.6564057590237833,0.12934955262317308,0.06209342083234785,0.0,0.004968323536410262,0.15471578487139556,1.7024055343038933,1.7024055343038933,0.7368414633441281,0.6248654399504306,0.1323911583170712,0.11191259319871164,0.0,0.004653277057456515,0.15070683054543457,1.7613707624132329,1.7613707624132329,0.05700601443933384,0.08847430431107395,0.020485955253951152,0.009125643288484989,0.0,0.003098388633864031,0.024559007947449724,0.18351320539961158,0.18351320539961158,0.00492258242138488,0.007477201557875457,0.0,0.0020764284718993303,0.0,0.00015209370234479588,0.0,0.014122261893694699,0.014122261893694699,0.9354426331685384
Japan,0.41802089233573214,0.1315968494824477,0.008686329810194687,0.4757481026657766,0.01876321173416064,0.00782499909593009,0.14165420961607414,1.202294594740316,1.202294594740316,1.0530235832422719,0.32225369805581217,0.013737853871423095,0.7065865612760726,0.06862317060343452,0.017890564446122133,0.3089703013938532,2.4910857328889895,2.4910857328889895,0.47735081005541535,0.14136491449872587,0.00321607664985025,0.1459120239153423,0.042564216365240964,0.007896733154222872,0.12139054818052991,0.9396953228193277,0.9396953228193277,0.12675278258955314,0.03751412851710689,0.0025034531487783188,0.08068258561806296,0.010531188266025102,0.0022168390374319204,0.04071185535094002,0.300912832527898,0.300912832527898,0.3318737647269544
Jordan,0.029046351686329484,0.17135171381624192,0.023031179605413933,0.0,0.0,0.0,0.002645310357366909,0.22607455546535224,0.22607455546535224,0.03882656813245196,0.18371721122962922,0.026953607372646248,0.0,0.0,0.0,0.002920682551030058,0.2524180692857575,0.2524180692857575,0.009076558541489876,0.07975750726285555,0.018519395614236968,0.0,0.0,0.0,0.0006246502493464194,0.10226037381523892,0.10226037381523892,0.018667445201182027,0.0019976183138470105,0.06557174104512059,0.0,0.0,0.0,0.00042337445461351373,0.08666017901476314,0.08666017901476314,0.4304814174092368
Kazakhstan,0.9536410176641665,0.23534004322830973,0.21074998556129257,0.020239417815311894,0.2751221926980839,0.237539340909273,0.07627965499973151,2.008911652876169,2.008911652876169,0.6797714881028104,0.1828965588612651,0.6132245915018413,0.14296876665182956,0.13969907162711398,0.07352941734178653,0.062479653393335444,1.8945695474799822,1.8945695474799822,0.35866965981653187,0.10349218105066929,0.27388079899399553,0.13997139284702384,0.040114547500173806,0.04572009432610877,0.030604919264230722,0.8048862593075568,0.8048862593075568,0.8230750672615829,0.4259518083457112,0.357747749421669,0.009382676202288387,0.1443476661404997,0.03789551909760276,0.12946455367087528,1.778510971090917,1.778510971090917,0.9400230475540736
Kenya,0.8146205788197144,0.05999249691321259,0.00013533254698708236,0.005844982128395211,0.0,0.042915708083926585,0.1474949886126625,1.0710040871048983,1.0710040871048983,3.4376980182798533,0.15421136399931243,0.0005985516604689176,0.010222423052088534,0.0,0.10314266613083822,0.5259838782123705,4.2318569013349325,4.2318569013349325,2.1966508839923313,0.06593117103874921,0.0003836922990279767,0.0028709286714426047,0.0,0.049590838292657556,0.29900920879541026,2.6075555393058396,2.6075555393058396,0.4396943051553821,0.060340258544632486,7.170498607177362e-05,0.0031289854148916618,0.0,0.004831702408470084,0.08237864004100448,0.5904455965504516,0.5904455965504516,0.1825716666135022
Kuwait,0.006348322772081088,0.07784737134780097,0.03687380800554083,0.0,0.0,0.0,0.004164872038142552,0.12523437416356545,0.12523437416356545,0.01320504765463673,0.31760243165468177,0.043780212518720954,0.0,0.0,0.0,0.013268014607806425,0.3878557064358458,0.3878557064358458,0.005071501866269106,0.19653789538356678,0.0036364191986089575,0.0,0.0,0.0,0.007262231659040789,0.20694145751923498,0.20694145751923498,0.0,0.0,0.024926404147337364,0.0,0.0,0.0,0.0,0.0,0.0,0.0997124688366406
Kyrgyzstan,0.130336331490694,0.04480365908163034,0.041333327270592274,0.0,0.006177282189643358,0.022327251664859434,0.05646300948233177,0.3014408611797512,0.3014408611797512,0.07037745038684746,0.01887297353094092,0.020435435284172236,0.0,0.0030026536038493083,0.007517593365049806,0.024357363062737343,0.14456346923359706,0.14456346923359706,0.10095391864776448,0.0204873744602876,0.023625963701722614,0.0,0.007078081895447365,0.03227692525227796,0.026101418721129466,0.21052368267862948,0.21052368267862948,0.01847757108829351,0.006627282068243576,0.005685668364416224,0.0,0.0013821534299155811,0.004517813311784087,0.00821141480474695,0.04490190306739997,0.04490190306739997,0.5466245853461535
Laos,0.11367995947774678,0.0024233745947607873,0.0006351034907998369,0.13733017228931263,0.0025683854317581525,0.11358754352922751,0.028456122523357726,0.3986806613369634,0.3986806613369634,0.2532031816468673,0.0029927701807820873,0.0006742625088186385,0.13103591620589905,0.0021461271122325204,0.09189237887725706,0.04717148429486331,0.5291161208267199,0.5291161208267199,0.10929113160622078,0.0009840014351197674,2.334503361951551e-05,0.0032355254072185258,0.0007978854107932411,0.0140125689531517,0.014045533689608883,0.09661886899895411,0.09661886899895411,0.010556066540667541,0.0,4.001045861416297e-05,0.013633251504688998,0.00041302535498699035,0.01980594569981535,0.002078964977510145,0.016037711461881043,0.016037711461881043,0.51324081722758
Latvia,0.03713997422322066,0.018280811284805985,0.004152736617517693,0.0,0.0,0.003250497886831368,0.009079061988166003,0.07190308200054171,0.07190308200054171,0.036246137537442776,0.016024845764615585,0.004263424601567789,0.0,0.0,0.002089534370345359,0.008859988065991729,0.06748393033996324,0.06748393033996324,0.00549744268945555,0.0036337039173694706,0.0004777598414247813,0.0,0.0,0.001305924146951566,0.001222208085381757,0.01213703868058312,0.01213703868058312,0.004884127939450401,0.0008137498486959494,0.0007129840581277819,0.0,0.0,0.0005664344554924634,0.001171556941199161,0.0071140088359572945,0.0071140088359572945,0.294923206423324
Lebanon,0.014593108629604189,0.09649770547952406,0.002341461865353016,0.0,0.0,0.0,0.0035429401721185226,0.11697521614659978,0.11697521614659978,0.009290446254431053,0.05477891280328556,0.0012409841487169837,0.0,0.0,0.0,0.002006835411265095,0.06731717861769869,0.06731717861769869,0.004303243264522624,0.0479907715352062,0.0011345234863220643,0.0,0.0,0.0,0.0016367116673348201,0.05506524995338571,0.05506524995338571,0.004258155105908747,0.030876973485842937,0.000839127101916741,0.0,0.0,0.0,0.0011509247968769548,0.03712518049054539,0.03712518049054539,0.3601826462345638
Lesotho,0.03357080787558226,0.013501880071713152,3.423156427799067e-06,0.0,0.0,7.277294445281405e-06,0.00876911424379085,0.05585250264195934,0.05585250264195934,0.050853331963016064,0.020999694301932038,5.411181163399545e-06,0.0,0.0,8.87636392155163e-06,0.013418350665857625,0.08528566447589069,0.08528566447589069,0.013883148078541963,0.006070834457601603,1.616720856087567e-06,0.0,0.0,1.1383723957573803e-06,0.0037465403538951524,0.023703236489887182,0.023703236489887182,0.0,0.0,0.0,0.0,0.0,1.1267581639038493e-06,0.0,0.0,0.0,0.0950828191164337
Liberia,0.007516324439649032,0.024320739118299725,3.071714671372787e-05,0.00016198213709028438,0.0,0.0,0.04810602954059076,0.08013579238234353,0.08013579238234353,0.06621637330208144,0.12138473876617376,0.00042685648571345126,0.000940675153240964,0.0,0.0,0.18148228096005545,0.37045092466726504,0.37045092466726504,0.05798808909116902,0.09639876358362681,0.00039019139837798643,0.0007739371580799395,0.0,0.0,0.13337187276138818,0.28892285399264195,0.28892285399264195,0.003969181234970892,0.005742248087100554,2.7499355177685117e-05,5.1384257485763635e-05,0.0,0.0,0.007219661852038262,0.01700997478677313,0.01700997478677313,0.0160833312359616
Libya,0.0682660810964456,0.1142437145014277,0.2955151022961129,0.0,0.0,0.0,0.014080820075490998,0.49210571796947716,0.49210571796947716,0.2567312648097786,0.33271655695159547,0.4490554009302547,0.0,0.0,0.0,0.03825011997409862,1.0767533426657274,1.0767533426657274,0.1273260928310378,0.14604142025285335,0.1120753948200599,0.0,0.0,0.0,0.016892334620642675,0.40233524252459385,0.40233524252459385,0.015990067748572367,0.01803227836388349,0.03145441187945053,0.0,0.0,0.0,0.0018027580423751882,0.0672795160342814,0.0672795160342814,0.4829820231241289
Lithuania,0.0707371012176673,0.02960098661797736,0.011286550107382609,0.0,0.0,0.002773745217919894,0.009917090419779227,0.1243154735807264,0.1243154735807264,0.04874910056179471,0.019623191957347394,0.007691060148206267,0.0,0.0,0.0014423596551430564,0.006970226964269805,0.08447593928676123,0.08447593928676123,0.019068573324011226,0.009260325131234006,0.00336942072382288,0.0,0.0,0.0027505832077671516,0.002406340572742029,0.03685524295957729,0.03685524295957729,0.012543780923896755,0.005545966574750455,0.002038405074387818,0.0,0.0,0.00069681319817771,0.0017023198289063115,0.02252728560011906,0.02252728560011906,0.3731010286298629
Luxembourg,0.018770977293697286,0.0028245824433031893,0.0006305701927506821,0.0,0.0,8.869783939262779e-05,0.0014035077245696883,0.02371833549371347,0.02371833549371347,0.05014805239447381,0.007546080640502397,0.0016846148482142322,0.0,0.0,0.000236962829774006,0.0037495745589869707,0.06336528527195141,0.06336528527195141,0.011228919187894343,0.0016896833606019146,0.0003772111396176383,0.0,0.0,5.3059617253656196e-05,0.000839587335927905,0.014188460641295447,0.014188460641295447,0.004086010136742202,0.0006148466494217157,0.00013726063162262112,0.0,0.0,1.9307480116504018e-05,0.00030551135936397224,0.005162936257267006,0.005162936257267006,0.3533733700172041
Madagascar,0.26382993986471953,0.021384129376107855,0.0059843474877204605,0.21456088087925218,0.0,0.0012508414903824156,0.06680463131114871,0.5738147704093312,0.5738147704093312,0.6958026832128792,0.07159897682116806,0.017596604079188276,0.39354663211271435,0.0,0.011420321145576121,0.20130667521087733,1.3912718925824035,1.3912718925824035,0.35405192278901215,0.040733135616520644,0.009417170572569916,0.1275798058073565,0.0,0.009409488528671194,0.10962424754327091,0.6508157708574014,0.6508157708574014,0.07189066031193925,0.008429857453829376,0.0013213614876373576,0.012316625374700962,0.0,4.1813144929722657e-05,0.015511044284679726,0.10951136205771639,0.10951136205771639,0.2572335268345382
Malawi,0.058467495363738145,0.03818315091029166,0.003943218225456518,0.013340064179917281,0.005074360476353916,0.0,0.035435284439369434,0.15444357359512695,0.15444357359512695,0.20562815264468132,0.2497835475713429,0.017238895745591308,0.05419570290813826,0.005743213853450354,0.0,0.14089671787807215,0.6734862306012762,0.6734862306012762,0.10720586092563616,0.16861456399692581,0.010206432518846035,0.032276707893510725,0.00028281556540524656,0.0,0.07949910210916895,0.39643157347286684,0.39643157347286684,0.010855652335216598,0.0003713056927109326,0.0008492432533124122,0.0,0.00403392189212942,0.0,0.006522880383911217,0.0064044721000217075,0.0064044721000217075,0.1222433389940667
Malaysia,0.06777398400745406,1.422027789526208,0.9040767773017899,0.0,0.00115588069312924,0.13696343633426636,0.06594414647829096,2.5979420143411383,2.5979420143411383,0.1212304088842594,1.6542772990922998,1.6304207095406518,0.0,0.00118551034488147,0.2139734802744321,0.07855912038347011,3.699646528519995,3.699646528519995,0.023091868294126655,0.03173370272189069,0.5239088197927386,0.0,1.462698586064703e-05,0.048689210634430186,0.00166443917977796,0.5827256340036531,0.5827256340036531,0.014005061277301362,0.23852844985777377,0.32462730339322987,0.0,1.874819306701969e-05,0.04263776882205281,0.008918118231252214,0.36707622335546874,0.36707622335546874,0.4554161998362003
Mali,2.9433272756676225,0.010967145440148877,0.0056543320019336075,0.0,0.0,0.061888313495010255,0.039866228452776604,3.061703295057492,3.061703295057492,1.616899784604799,0.00398461582920279,0.002829141778871921,0.0,0.0,0.023156577517382787,0.018857057741044035,1.6657271774713005,1.6657271774713005,0.7081611045116796,0.009967523736395385,0.0022138765547234287,0.0,0.0,0.030253491727140862,0.017879980868570042,0.7660571699471512,0.7660571699471512,0.44410914191026407,0.00233081796531684,0.0010125306025944927,0.0,0.0,0.013972275252046987,0.007332509236106632,0.46875727496632913,0.46875727496632913,0.5680292062330352
Mauritania,0.21120937739984716,0.006566799089343562,0.002280161638605597,0.0,0.0,0.0,0.014058409738421212,0.23411474786621753,0.23411474786621753,0.12708748297194916,0.006375496448525723,0.0019861603250032416,0.0,0.0,0.0,0.010056243263005863,0.14550538300848398,0.14550538300848398,0.08519411587161396,0.00022528650952497765,0.0003259902780780447,0.0,0.0,0.0,0.004254839437362573,0.09000023209657955,0.09000023209657955,0.042661125529549565,0.0001315856709940902,0.0001643674125628501,0.0,0.0,0.0,0.0021659531331653242,0.04512303174627186,0.04512303174627186,0.0854073770616839
Mexico,2.0661374830522523,1.018466451661594,1.3934718751972688,0.007773080943470935,0.09968830765024786,0.5189045531695063,0.16030208839663657,5.2647438400709765,5.2647438400709765,3.452777154050294,1.584177381203677,0.9724670927767125,0.006143285476180415,0.03549266518673336,0.5002907731880982,0.2582799371148359,6.809628288996532,6.809628288996532,0.7360044932897782,0.4098320213587061,0.5429580685538462,0.0011978980147478958,0.004441482282769374,0.013619649683078106,0.04509315563387856,1.699747406161717,1.699747406161717,0.10252786000317027,0.04613923119473062,0.16051648188290324,0.0016306567439014251,0.04118837171272559,0.07670508378018848,0.005467726105662318,0.12837115790056153,0.12837115790056153,0.7772849399985052
Moldova,0.028367475241881338,0.0704816888548458,0.017838566195409286,0.0,0.0,0.010827180636493367,0.009474553907780708,0.1369894648364105,0.1369894648364105,0.01264174571335916,0.03060816350168616,0.007834827822569997,0.0,0.0,0.004398028860099818,0.00411680557993044,0.05959957147764557,0.05959957147764557,0.0158097665771912,0.03950886306454811,0.009936373279201362,0.0,0.0,0.0063466445408135105,0.005347959454399952,0.07694960691615414,0.07694960691615414,0.006040629453731627,0.014944179936158694,0.003773539973784351,0.0,0.0,0.0023506587862902753,0.0020246945278164013,0.029133702677781363,0.029133702677781363,0.5519769634401883
Mongolia,0.3232042722908559,0.00706363658290632,0.01186941688355054,1.0645627566198667e-06,0.038266758381994004,0.0035811353058595287,0.020323068047081953,0.40430935205500484,0.40430935205500484,0.18728261214805997,0.0030010196019211364,0.007082638757954764,1.0645627566198667e-06,0.12497293452137997,0.0015128738657139657,0.008393696939470662,0.3322468403972571,0.3322468403972571,0.4009211151247273,0.01652546226788008,0.0039339040949484564,0.0,0.08807525377963099,0.008300199779736355,0.04868382122003794,0.5626180627377418,0.5626180627377418,0.11163940923558391,0.0020142017909866223,0.002471412955106278,0.0,0.20973561649291267,0.0011845530116407616,0.006609533239925108,0.3334279434364991,0.3334279434364991,0.207633303738747
Morocco,0.33617478739156664,0.19735396154051624,0.032478730465911806,0.009002240943196271,0.0,0.08115465256772533,0.019643457231087704,0.675807830140004,0.675807830140004,0.2990146556909606,0.2262571664447927,0.048855271861366255,0.009658338808472486,0.0,0.06561375126926054,0.02681112927341972,0.6762103133482722,0.6762103133482722,0.09612940650020846,0.055132670877264256,0.01390653431798572,9.013672466649109e-05,0.0,0.006420208781295338,0.00647412421853363,0.1513044721300255,0.1513044721300255,0.019463531729164485,0.014695343493879243,0.0,0.0032225836967001396,0.0,0.009319653537183392,0.0002215430517004298,0.006732754089355142,0.006732754089355142,0.9141750281244893
Mozambique,0.06988325312346529,0.05173651825755113,0.005913613296999526,0.013903365155335797,0.023428578360635242,0.21899437417551823,0.0760680521714394,0.45992775454094464,0.45992775454094464,0.05747673496931504,0.12496271235657536,0.007936400714462147,0.010205462229987097,0.20289592779485469,0.11100363364573963,0.0700904028735324,0.5845712745844663,0.5845712745844663,0.025855203557147294,0.0726010508333919,0.0018656767300618436,0.009560556192560007,0.17174096774074724,0.016278200473800353,0.020203468111373232,0.1517836667121943,0.1517836667121943,0.005606792914655427,0.01901145784807637,0.05990003775387678,0.0016314545643921572,0.008656807038561781,0.20693716830435926,0.007801015372942963,0.08017131745148076,0.08017131745148076,0.6287875192452842
Myanmar,0.5216880349966811,0.14902690417146194,0.007301977058182529,0.5876225669804963,0.00551026221157011,0.1029642713084534,0.1879557533971005,1.5620697701239459,1.5620697701239459,0.45599516597706735,0.11941784513433941,0.006199970387885725,0.578128990426953,0.0037448106635326315,0.06510136606883753,0.17182781886843676,1.4004159675270527,1.4004159675270527,0.14938142579303448,0.04722491796810188,0.0027138700661807715,0.10182400235345473,0.001768009343047308,0.022088504338425075,0.049635587737686324,0.374636317599931,0.374636317599931,0.028814185809990178,0.012663135302135989,0.0004896347638233415,0.007123395757774764,0.0008376723319923137,0.014053133085250774,0.008807558233983631,0.07152017111366482,0.07152017111366482,0.6940144973220971
Namibia,0.21757139867802033,0.006866614487595708,0.0005632217035335839,0.0,0.0,0.0,0.004294882621792552,0.2292961174909422,0.2292961174909422,0.13924295907149953,0.004809381559188497,0.00037371308712707527,0.0,0.0,0.0,0.0028590345946292598,0.14728508831244438,0.14728508831244438,0.10566001235605188,0.002731777967766275,0.00023480743951398406,0.0,0.0,0.0,0.0011941568402093262,0.10982075460354149,0.10982075460354149,0.04257398967419593,0.0012255957427657425,0.00010610445753254444,0.0,0.0,0.0,0.0007010962438821337,0.04460678611837632,0.04460678611837632,0.1655567345569858
Nepal,0.46913150834529616,0.016772687642453186,0.0008655276171286951,0.0015683118581263028,4.7727981241089784e-05,0.00018421815295373268,0.13490117535502089,0.62347115695222,0.62347115695222,0.7424183545483409,0.02001869450761313,0.0012270738993628348,0.002214750970571212,5.8448470396407556e-05,0.0001358636204261214,0.20738881126467043,0.9734619972813812,0.9734619972813812,0.07032926545828111,0.00021353863621255062,9.719893499645087e-05,0.00014933937395227243,2.3714075217125507e-06,5.5966953244510276e-05,0.01241650615797954,0.0815472812710627,0.0815472812710627,0.0,0.0012033858222504114,4.189226231906249e-05,0.00010889434175984439,1.1102322295793152e-05,2.9638654923739498e-05,0.0005061148392223325,0.0,0.0,0.8741632679059951
Netherlands,0.4660624185866137,0.10036287723368524,0.027416033123271618,0.0,0.0,0.0,0.037312967750675684,0.6311542966942462,0.6311542966942462,0.9830069714991491,0.2163203140948532,0.04505438591122456,0.0,0.0,0.0,0.08548485725550566,1.3298665287607323,1.3298665287607323,0.10499363385201421,0.029497906151929265,0.0007850185689273481,0.0,0.0,0.0,0.0155375075950005,0.14686292660278322,0.14686292660278322,0.014357114404118465,0.007614508093469197,0.0018198584558954956,0.0,0.0,0.0,0.0042988929400994275,0.02610154571872414,0.02610154571872414,0.7829755530309547
New Zealand,1.1813905734947363,0.11846350813321166,0.015481441380754997,0.0,0.002455311031979303,0.08078213313786156,0.01428726739860416,1.412860234577148,1.412860234577148,1.1846092930280996,0.0997737257580579,0.014424506542280727,0.0,0.0018265796711805064,0.05801061406392667,0.012741693850397922,1.3713864129139435,1.3713864129139435,0.43864789648218583,0.044792409402408126,0.005787082646062034,0.0,0.0015875489549277027,0.05186694658206209,0.004845112125934161,0.5475269961935803,0.5475269961935803,0.22924340652708697,0.006798267140405406,0.0007604435745319858,0.0,0.000305189712385037,0.007138223490210982,0.0013269672720563393,0.2390854251640735,0.2390854251640735,0.3131343156016242
Nicaragua,0.15340473914685165,0.028165193127495006,0.00013550506056203988,0.010284628016706623,0.0,0.0016318422168816542,0.017833133990382617,0.21145504155887956,0.21145504155887956,0.0846976083905052,0.01122388149056405,4.8384938253105664e-05,0.0051852566103610985,0.0,0.0010459027060195519,0.008872682533550589,0.11107371666925359,0.11107371666925359,0.0695634129347946,0.037559046516041014,0.00021331746342142892,0.007436965490525434,0.0,9.295911608094346e-05,0.01335389347342179,0.12799505221395946,0.12799505221395946,0.03842412903974399,0.008055202377883309,4.02809622947765e-05,0.002663973614330065,0.0,0.00035437301047839815,0.00462372014025071,0.05416167914498127,0.05416167914498127,0.1563884393073593
Niger,0.7884018235664505,0.029635005413046527,0.006536588088158913,0.0,0.0002814733690083404,0.0,0.04957770654731284,0.8744325969839771,0.8744325969839771,1.116796746162054,0.024691280252927945,0.1708208916612834,0.0,0.0002956881955093915,0.0,0.0798893577368024,1.3924939640085774,1.3924939640085774,0.3455633149443641,0.000577775776500096,0.16273952588592222,0.0,4.444470519270169e-05,0.0,0.033589901630905944,0.5412312386594909,0.5412312386594909,0.30336050921519475,0.024639437004450225,0.016056252311322183,0.0,1.89689750324677e-05,0.0,0.05549185207086736,0.2845894307753378,0.2845894307753378,0.2562751250483088
Nigeria,1.1689257970642322,0.8800297049943805,2.971831452081882,0.5007735099724894,0.00024041440451071685,0.2702764561348127,1.402741371735202,7.19481870638751,7.19481870638751,1.238832125580749,0.5080755026338146,1.1978332069430084,0.4185778797700953,0.00015995070377843035,0.2405845089274401,1.4077743228093105,5.011837497368196,5.011837497368196,0.11351111310065276,0.004408515213421782,0.7994421003299115,0.021805554465667454,1.5724899189680072e-05,0.08760583327567825,0.13521119995374975,0.7290812070567219,0.7290812070567219,0.12048028639504382,0.09619372435795681,0.6691648738856202,0.08250576271854815,9.316433056461888e-05,0.0,0.08194099682114908,0.5338997788342859,0.5338997788342859,0.7967862962188642
North Korea,0.05527236996865451,0.04434621927159596,0.00014734230446400402,0.07893611738835973,0.27428935758810424,0.03163016384440992,0.0486570131852379,0.5332785835508262,0.5332785835508262,0.058535566851870516,0.04236984446660223,0.00016212012164246932,0.07751576101200423,0.19702824112744316,0.03569914353010802,0.04818332169100934,0.45949399880068,0.45949399880068,0.0015597658976080828,0.0017822284748562622,1.1708261480547721e-05,0.010261636208316757,0.025275625764111465,0.002901703139557739,0.0018645830412153258,0.04365725078714622,0.04365725078714622,0.007624845126245949,0.005280767911396485,2.7700639138924696e-05,0.01747623772011861,0.0562561151999193,0.004336184304844101,0.005351796686618962,0.07985044542582453,0.07985044542582453,0.696049623621845
Norway,0.1068021499506298,0.04329027673497696,0.016417855510267417,0.0,0.0010489235956040186,0.043029973220106855,0.02343728149610909,0.2340264605076941,0.2340264605076941,0.11664878677676635,0.04629726173538921,0.016476614384270012,0.0,0.0010489235956040186,0.04587143386253859,0.022804091836711633,0.2491471121912798,0.2491471121912798,0.013980885544695135,0.004154037430888553,0.001257219584203044,0.0,0.0,0.004335827038239343,0.0015192283730375844,0.023793944348466795,0.023793944348466795,0.010436655141627005,0.0012690494366517924,0.0,0.0,0.0,0.0,0.0,0.01107286686197409,0.01107286686197409,0.7219155644947223
Oman,0.018607331741771357,0.02116425478623289,0.2459693356314285,0.0,0.0,0.0,0.02666765838608664,0.3124085805455194,0.3124085805455194,0.020554940245875418,0.026057188623371967,0.34246747559590895,0.0,0.0,0.0,0.03285029008887457,0.4219298945540309,0.4219298945540309,0.0016137824143540765,0.003795023130891785,0.09979809364979783,0.0,0.0,0.0,0.005196989196801317,0.11000614005766568,0.11000614005766568,0.08257105844727597,0.026756002132322022,0.07446635369388471,0.0,0.0,0.0,0.051709956632906305,0.235503370906389,0.235503370906389,0.1129219328873096
Pakistan,5.981208770415325,1.4413824626691034,0.002891117809465039,2.238451259815472,0.0033908309798584245,0.2667725603620163,0.5019225852451432,10.436019587296384,10.436019587296384,5.968972838983288,1.718660992670346,0.003145562699390059,1.2917349461909085,0.004037129807095937,0.22171532353188306,0.5806713843027034,9.788938178185616,9.788938178185616,0.7662132266418391,0.17549590627234624,0.00016060154192538674,0.18189971489200696,0.0006277055416022961,0.01322659342134977,0.09048818348891596,1.1259338386641211,1.1259338386641211,0.141642067968343,0.005250305476513395,0.00029911784567320096,0.08059913373057004,0.0017480190278547627,0.011356797144395081,0.006575844605293812,0.1395461350320275,0.1395461350320275,0.9789904089670924
Palestine,0.009192052797818817,0.04274799855262503,0.0017074390510881964,0.0,0.0,0.0,0.0009090142622435228,0.05455650466377557,0.05455650466377557,0.010416098424266832,0.04908260953969604,0.0018203671423209782,0.0,0.0,0.0,0.0010424798158334796,0.06236155492211733,0.06236155492211733,0.001516454767396716,0.009566958625762206,0.00027517901454152355,0.0,0.0,0.0,0.0001880471741535207,0.011546639581853965,0.011546639581853965,0.0028680745472583827,0.019525218495580574,0.00048114515141850153,0.0,0.0,0.0,0.0003781275136143939,0.02325256570787186,0.02325256570787186,0.0656764287291558
Panama,0.08446662705153052,0.04975936671571647,0.0004988972045504074,0.006307431565535382,0.0,0.023168481711490642,0.004795556090414023,0.1689963603392374,0.1689963603392374,0.07640289771523405,0.046471085472237605,0.00046095414271133517,0.0055323563379774,0.0,0.021885547745442168,0.0041822899907574115,0.15493513140435994,0.15493513140435994,0.021568706920976753,0.006869875833488817,8.744513050125993e-05,0.002190960580444338,0.0,0.0025697100854103136,0.000736857059003121,0.033488978137415956,0.033488978137415956,0.00567879743907565,0.002566941145710662,2.8425791047827448e-05,0.0005271808886103844,0.0,0.0010392268001451592,0.0003748338572959189,0.01012462058510638,0.01012462058510638,0.0187069239814395
Papua New Guinea,0.04347812772506565,0.010082712826241966,0.03468108128763618,0.0,0.0,0.0012043597467488888,0.018055936111511416,0.10750221769720411,0.10750221769720411,0.04443989452419685,0.01075750446003347,0.03619239149010254,0.0,0.0,0.0011041333061678703,0.018367005438491273,0.11086092921899202,0.11086092921899202,0.004971217272225131,0.0009469797581000694,0.002796560565857177,0.0,0.0,0.00021445865247766527,0.0016278236768011989,0.010557039925461253,0.010557039925461253,0.0019544681220068708,0.0007583687349160314,0.0016747222332243877,0.0,0.0,6.863109891825595e-05,0.0009255571844295624,0.005281714470766211,0.005281714470766211,0.5439004154648589
Paraguay,0.7395472572995777,0.050554261529671005,0.0015056342406470488,0.024768894855464595,0.0,0.45958166517719873,0.03257046015481406,1.3085281732573733,1.3085281732573733,0.6220257303854333,0.044998635396961834,0.0020186730434800675,0.018226031450662518,0.0,0.2210355322885429,0.027850875089872173,0.9361554776549527,0.9361554776549527,0.020161135617032477,0.002973795091875321,0.000501827371258063,0.005167737869694083,0.0,0.14932196667792327,0.001566356143533676,0.120146410725123,0.120146410725123,0.10739515030293689,0.008333437794797616,0.0013172730078058132,0.0008344746306456451,0.0,0.04743858386034039,0.001982040907577115,0.06792712153480507,0.06792712153480507,0.6962330033800518
Peru,0.4583351427272916,0.43920482869330113,0.08394519966225239,0.054149333538519445,0.004561686814156299,0.004156320258415723,0.044008084167568566,1.088360595861505,1.088360595861505,0.831678637388063,0.5626819369263121,0.15028980302141115,0.07458268591759491,0.004494358311993665,0.012879832888149197,0.0776003854892981,1.7142076399428219,1.7142076399428219,0.32746596624493196,0.152241281541599,0.058868832073713045,0.014818606700701911,0.0014479041253833346,0.007795954159498872,0.029594833336822703,0.5686052571728215,0.5686052571728215,0.558860536614692,0.23913332732813886,0.0969176183408062,0.05614605217905254,0.005193450423994671,0.10300081757637136,0.09528967368950697,1.1545414761525632,1.1545414761525632,0.6353818059454502
Philippines,0.4052059073131287,0.009681320076650691,0.012607330817328618,0.7818458388985056,0.015723793567653657,0.02799868227492395,0.1666251766892889,1.4196880496374802,1.4196880496374802,0.48073230939876693,0.009306118961765683,0.014559814840254466,1.081725191459916,0.02719559801961814,0.031185754141839623,0.20963984743389663,1.8543446342560577,1.8543446342560577,0.0,0.0004845673730351392,0.0009843088506821616,0.16890750370796714,0.007024145673641426,0.0013780340680102504,0.023143009472512105,0.1479996321689654,0.1479996321689654,0.06960512108880007,0.001665140511524733,0.001917528863357271,0.03819688890193307,0.002655685851799542,0.0009981570289276341,0.02755196857225367,0.07511752101695635,0.07511752101695635,0.4018762100425206
Poland,0.570423788878179,0.12802120018510038,0.10904259276612953,0.0,0.576303408409632,0.03074827283675654,0.2175034300980592,1.6320426931738565,1.6320426931738565,0.673490264779695,0.12006863109063656,0.08007681148415821,0.0,0.43352916377096673,0.018135253656069418,0.2030153676240313,1.5283154924055573,1.5283154924055573,0.138631588865481,0.032442160189047956,0.05611735514267183,0.0,0.033372008315731894,0.028114062171974333,0.11124695587070432,0.36412107356408696,0.36412107356408696,0.023069165267694314,0.003989042352365385,0.008103997840715693,0.0,0.019308839345761275,0.005467129146405628,0.00240193969277247,0.020814850660913597,0.020814850660913597,0.8603636417520424
Portugal,0.17827405100099344,0.17620764697143604,0.002082153052676345,0.006268563904505879,0.0,0.05740386510062166,0.0204660968190525,0.4407023768492858,0.4407023768492858,0.19278100913690724,0.21763152143588974,0.0021073614553172105,0.005689728013718534,0.0,0.04903992793929941,0.021348378160952298,0.4885979261420844,0.4885979261420844,0.02820547841687357,0.02441394043348738,0.0002585391441446358,0.0014212345226017938,0.0,0.009284995405693532,0.0012715097943809574,0.057479119037595006,0.057479119037595006,0.0,0.00842374160043774,1.905149674228876e-05,0.0006858503831624766,0.0,0.004961491639291611,0.00036484518207711286,0.006103413899335497,0.006103413899335497,0.7685476939704178
Qatar,0.0038992591739859758,0.01747388752922492,0.12103244528411329,0.0,0.0,0.0,0.006953467244716995,0.14935905923204118,0.14935905923204118,0.003495712651752247,0.015757092739818,0.11977852775495616,0.0,0.0,0.0,0.00612185764548242,0.14515319079200883,0.14515319079200883,0.0,0.0,0.004317917283327352,0.0,0.0,0.0,0.0,0.0031585326491107013,0.0031585326491107013,0.00025693522420330633,0.0011517693183872475,0.011884130654696692,0.0,0.0,0.0,0.00059934985103423,0.012086899151172475,0.012086899151172475,0.2311688900509169
Romania,0.3296067234966545,0.2184702264533451,0.09810396919600041,0.0,0.2184804560175086,0.09335461811217623,0.04431159607236655,1.0023275893480514,1.0023275893480514,0.34134318454177887,0.22067421942033438,0.10382660133489005,0.0,0.08384751242534062,0.07497864704826493,0.04435024722041335,0.8690204119910223,0.8690204119910223,0.023979228443776535,0.013035155344549493,0.005434256832152887,0.0,0.00923270804797871,0.01533605566805904,0.003017285117156078,0.06606497051149451,0.06606497051149451,0.0,0.0011901404147540429,0.0029317968188148913,0.0,0.009789973244841835,0.001605166606403391,0.0,0.0,0.0,0.8962999486069378
Russia,1.9049249621154414,3.980415125785749,3.868359560280649,0.023318734266792453,2.470870574713839,2.7912479047637198,0.280738064803661,15.319874926729852,15.319874926729852,1.052230728264337,2.9000728943180896,3.6489753738197863,0.02204632969806866,1.8363222509140573,0.8642200696129939,0.23142895507928996,10.555296601706623,10.555296601706623,0.5905930796363112,1.0684174203827186,0.7920142179600824,0.004260451621120022,0.28478714721486065,1.3484915427861237,0.06711940918823092,4.134883084046566,4.134883084046566,0.6642307194514718,2.122619694859746,2.8880051315223647,0.03370152073897653,0.44710618149948966,1.087895693296864,0.15563125812799333,7.399190199496907,7.399190199496907,0.9141992380860836
Rwanda,0.16660405328949282,0.03241926072897287,0.00012295861615166384,0.0042239629062852824,0.0,0.0,0.03272479818268994,0.23609503372359258,0.23609503372359258,0.2709838013335153,0.04905539133306901,0.00018758316689003113,0.009543400781115768,0.0,0.0,0.05446842542615993,0.38423860204075005,0.38423860204075005,0.07925505470811048,0.011744575048874592,4.7175731758945235e-05,0.004479416910141802,0.0,0.0,0.016706059066593608,0.11223228146547948,0.11223228146547948,0.05172858352672177,0.014858876242114794,4.717811811288936e-05,0.002391362358182032,0.0,0.0,0.010666808166279962,0.07356388501865407,0.07356388501865407,0.1218069599172284
South Sudan,0.5592438099153381,0.1861946992332324,0.023632177495383683,0.0,0.0,0.0,0.01560392209304357,0.7846746087369978,0.7846746087369978,1.4036735034480405,0.38611405034068025,0.13156506024280543,0.0,0.0,0.0,0.03776546699199386,1.9591180810235198,1.9591180810235198,0.37209900079551406,0.00844212971568381,0.0767239340796382,0.0,0.0,0.0,0.009328910063166301,0.4192567464272974,0.4192567464272974,0.061176322328255095,0.14987149847741488,0.002029417554775176,0.0,0.0,0.0,0.006786862448792931,0.06887507645642299,0.06887507645642299,0.4941215897674562
Saudi Arabia,0.08163641297171445,1.1266593565310117,0.39485427686798796,0.0,0.0,0.0,0.061981608353890855,1.665131654724605,1.665131654724605,0.24431879827761802,1.7199233149125819,0.8436392372247081,0.0,0.0,0.0,0.0987570266655641,2.906638377080472,2.906638377080472,0.14544791920158545,0.45261756054348146,0.3186666228174061,0.0,0.0,0.0,0.026177477726755133,0.9429095802892278,0.9429095802892278,0.131235353070724,0.029586297517288473,0.09865337559941034,0.0,0.0,0.0,0.018881493183469156,0.2783565193708921,0.2783565193708921,0.7717290517136633
Senegal,0.23689732004459357,0.03816364639698709,0.00021261974509779056,0.0,0.0,0.0,0.016552050692195452,0.2918256368788739,0.2918256368788739,0.19732155484401664,0.038339355061004395,0.00020507312189895773,0.0,0.0,0.0,0.015280010827254834,0.25114599385417485,0.25114599385417485,0.017348690287059237,0.002936071460629165,1.281538027976672e-05,0.0,0.0,0.0,0.0009043705611446861,0.020361613548184387,0.020361613548184387,0.012232172449539114,0.004280169605180094,2.204443804966385e-05,0.0,0.0,0.0,0.0015757876625554015,0.018110174155324288,0.018110174155324288,0.1124730136093132
Republic of Serbia,0.16114567334001687,0.11570505416683244,0.013010863617817938,0.0,0.054741295693113874,0.046948140393063706,0.024036601071397427,0.41558762828224227,0.41558762828224227,0.16583176659631751,0.09308946359187266,0.0149946499858032,0.0,0.018236386226312108,0.021729025291563876,0.01661518973537716,0.3304964814272466,0.3304964814272466,0.017840113752099956,0.022522539671152017,0.0017642859510778562,0.0,0.01577159659509639,0.00682503436451825,0.006271264428047412,0.051022281665515035,0.051022281665515035,0.008742404967911593,0.0010537512107634123,0.0016975986574375521,0.0,0.008340926995027878,0.006921261937551507,0.0009852086947029874,0.002606530187427958,0.002606530187427958,0.8053489691393644
Sierra Leone,0.0391708309903782,0.04715643072842534,0.0,0.0023428115914169087,0.0,0.0027512633005208204,0.03337294195795461,0.12479427856869588,0.12479427856869588,0.03121419818646246,0.04777560347795929,0.0,0.002177406477944026,0.0,0.002907046706329748,0.0305121726795932,0.11458642752828871,0.11458642752828871,0.0020721360727993868,0.0027255653178372696,0.0,0.0,0.0,0.0002981991881919619,0.0,0.0003670028012365961,0.0003670028012365961,0.003486329104004069,0.009164549604685934,0.0,0.0003367950761743563,0.0,0.0009559338610100375,0.002704804557778391,0.01442650978091728,0.01442650978091728,0.0612617782006554
Slovakia,0.040991985825739395,0.06247195320392291,0.01036793467603997,0.0,0.0071418814278627184,0.006080533184861661,0.01355562770950125,0.1406099160279279,0.1406099160279279,0.06292661327127287,0.09343451316721038,0.016603970166618697,0.0,0.00885104321344579,0.010120682524582583,0.023131545203971492,0.21506836754710182,0.21506836754710182,0.005963133081012283,0.009297994841079349,0.0023051493074814373,0.0,0.0004363176331780901,0.001020075888266584,0.0031160739061556787,0.022138744657173415,0.022138744657173415,0.004965180191211602,0.005765244628036806,0.001475985540846922,0.0,0.0005828916156492767,0.001040442954387561,0.0025409187687589208,0.016223576124527933,0.016223576124527933,0.5323494394677343
Somalia,0.5332470759845672,0.12057865728721996,0.0019318691429288668,0.0,0.0,0.0,0.06871897318273393,0.7244765755974499,0.7244765755974499,0.22302254212676037,0.046656027478793376,0.0015122479769311724,0.0,0.0,0.0,0.04692647941826117,0.3181172970007461,0.3181172970007461,0.2655973446549421,0.04956315253721677,0.00030042418991807506,0.0,0.0,0.0,0.015376509222564054,0.33083743060464105,0.33083743060464105,0.1384402139028056,0.030804401883096695,0.0002633382494158466,0.0,0.0,0.0,0.012695547256376262,0.18047070812808969,0.18047070812808969,0.6697016683746351
Somaliland,0.1295080116289686,0.004921082524773896,0.0006160150163598479,0.0,0.0,0.0,0.0203274836101527,0.15537259278025506,0.15537259278025506,0.17950294262984273,0.006013305868748174,0.0011220614314683235,0.0,0.0,0.0,0.02639465337987599,0.2130329633099352,0.2130329633099352,0.12261213820165281,0.001822334241555092,0.0006966140155776448,0.0,0.0,0.0,0.012118642105898057,0.13715488772396062,0.13715488772396062,0.09616787002308191,0.008535534562629852,0.00012845915290560922,0.0,0.0,0.0,0.0027927081453695338,0.10762457188398694,0.10762457188398694,0.0631714007917854
South Africa,1.2247579583598271,0.9744476462055579,0.0670786695800149,0.0,0.07005927133265977,0.03421188966132291,0.1648097531318267,2.535365188271209,2.535365188271209,1.3297656754360732,0.9188187108400463,0.054754131509147895,0.0,0.19447465898875377,0.04015758709025056,0.18844006848964426,2.726410832353916,2.726410832353916,0.6178076259045835,0.20812879986423605,0.027987963697986274,0.0,0.11092597080142044,0.005106090734013011,0.044245510753145534,0.9419864738686687,0.9419864738686687,0.13390500574031772,0.04406979892438523,0.010874356658152291,0.0,0.05261356708850487,0.0,0.02442208374409438,0.26259885930070626,0.26259885930070626,0.8588765995655148
South Korea,0.2789321214042088,0.4166003513777433,0.20192426529804708,0.299283785568034,0.014354516308345059,0.02577662255297348,0.059559053262250215,1.296430715771602,1.296430715771602,0.29685901625179406,0.9424357304745725,0.6289880066053041,0.5256252213476534,0.03940883937841369,0.0479312929560525,0.13009393530970884,2.611342042323499,2.611342042323499,0.034538112384940645,0.3092779891825863,0.3438277653266881,0.08293596451597668,0.016931203969297086,0.013353324824284203,0.041294025385378366,0.8409046502218274,0.8409046502218274,0.0003090169597033676,0.03741304488068198,0.039418876477118614,0.015153451490396153,0.017789749901607643,0.00017143770845879508,0.008139206139913896,0.11839478355788069,0.11839478355788069,0.8221246322176172
Spain,0.9181507701265988,0.4584966944867227,0.007062262258069295,0.01643449432274567,0.0006111979792806058,0.14465577348697337,0.06243815818001757,1.6078493508404081,1.6078493508404081,1.7286844252252653,0.8624709743805172,0.01487619059464165,0.02499914376615463,0.0005930925665382025,0.28548808389089037,0.10686070626893088,3.0239726166929386,3.0239726166929386,0.2735767827280551,0.09753805618101585,0.0025377946815667036,0.0038892004981614277,1.7312384920179402e-05,0.06637202929495475,0.010395649935570295,0.4466686140129137,0.4466686140129137,0.03439260693696333,0.0023377527954279165,0.00040042132329724464,0.0006593707838300801,7.580355152708989e-05,0.0020168906843937018,0.0018239679702598821,0.03526862026075328,0.03526862026075328,0.8515862043117363
Sri Lanka,0.0668198927139857,0.09818416973467214,0.00010072174015437725,0.0,0.0,0.0,0.030242146320102917,0.19534693050891513,0.19534693050891513,0.19203546468275434,0.2562451530226879,0.0002901588906316563,0.0,0.0,0.0,0.08191574954766234,0.5304865261437363,0.5304865261437363,0.05287476412815792,0.0705541658539029,7.989192479202853e-05,0.0,0.0,0.0,0.022554562735946963,0.14606338464279978,0.14606338464279978,0.013520465876967425,0.018041218861865216,2.042895246544713e-05,0.0,0.0,0.0,0.005767367493160966,0.03734948118445902,0.03734948118445902,0.2824913263320923
Sudan,2.0064350780590066,0.07700489821448576,0.04215344002230624,0.0,0.0,0.3264498910927764,0.06543119337774916,2.517474500766324,2.517474500766324,3.652742113408799,0.13686328357269362,0.025378430357541195,0.0,0.0,0.6093018667710643,0.10285404759049063,4.527139741700589,4.527139741700589,1.0609746792961836,0.0,0.0041676002253121965,0.0,0.0,0.1328130833726323,0.001292066495920341,0.7099587662105948,0.7099587662105948,0.25787569425494006,0.030353933215119616,0.03171915953603571,0.0,0.0,0.2930963447828596,0.02109262866073454,0.17007483142540725,0.17007483142540725,0.5541002722040825
Suriname,0.002701200327108474,0.003954190270048993,0.010024349055976241,0.011450156216216803,0.0,0.07258527835304882,0.0007044426602881991,0.10141961688268752,0.10141961688268752,0.003547217334282458,0.004783286919303378,0.01199761557022386,0.024774557625883594,0.0,0.06656054202065148,0.0010040861973581669,0.11266730566770294,0.11266730566770294,0.0005567616026307593,0.0004537349502971985,0.0010627558875631344,0.010531579337969804,0.0,0.016940560174742214,0.0002311380899312973,0.006330053771205324,0.006330053771205324,0.0005787278210259311,0.0011563167443365179,0.003200964469049994,0.010446282686366552,0.0,0.011552455725902577,0.0001698930649836894,0.0064964635575714275,0.0064964635575714275,0.1166188647800933
Sweden,0.12467344194400282,0.02468677019460121,0.0014423880769238683,0.0,0.0,0.36344492082780977,0.04427269991891855,0.5585202209622563,0.5585202209622563,0.2207987758093545,0.034607670226116286,0.001802031243527251,0.0,0.0,0.12421791336348112,0.051568237525869004,0.4329946281683482,0.4329946281683482,0.05656118738480159,0.009468685897417308,0.0004266905184455603,0.0,0.0,0.22141535207815033,0.01742434471233629,0.27976278212160743,0.27976278212160743,0.011111793325381647,0.0,1.5700018429286094e-05,0.0,0.0,0.05663240002864545,0.0,0.0,0.0,0.829447420876791
Switzerland,0.15176809571167896,0.01923013177972139,0.007464831849168812,0.0,0.0,0.00950930541916011,0.01808445803009033,0.20605682278981963,0.20605682278981963,0.2233130854152714,0.02612752128890994,0.010788998291298821,0.0,0.0,0.01458975032326602,0.024793885844059647,0.29961324116280585,0.29961324116280585,0.0012655674869372913,8.954730267113353e-05,1.0504630844161353e-05,0.0,0.0,0.0004584131116206411,0.0,0.00110474252558046,0.00110474252558046,0.021369219453384547,0.0031633424918442385,0.001105724503926389,0.0,0.0,0.0005923074967083292,0.0034080293383223458,0.02963862328418576,0.02963862328418576,0.8892599048457668
Syria,0.14003007441193324,0.11719519592583288,0.03135662919507281,0.0,0.0,0.05524268912757075,0.004118914703897466,0.3479435033643071,0.3479435033643071,0.7360771760210559,0.31954019327646865,0.20036995495882312,0.0,0.0,0.13810789175000637,0.018871783644890363,1.4129669996512446,1.4129669996512446,0.5302670145842203,0.1453291350827448,0.16053397395511557,0.0,0.0,0.015234373653399164,0.012726532612433466,0.8455349538319983,0.8455349538319983,0.009352266957401545,0.03337588817405718,0.017703268698865043,0.0,0.0,0.06845987907875067,0.0017425037321644847,0.04693955390908888,0.04693955390908888,0.2967053769479358
Taiwan,0.044371085507124826,0.4755390967510572,0.032514873075396585,0.0,0.0,0.0,0.02804858014464193,0.5804736354782206,0.5804736354782206,0.03179554471655486,0.4019300520123326,0.028307920746618975,0.0,0.0,0.0,0.02326214762203287,0.48529566509753935,0.48529566509753935,0.009907134785851451,0.07217949162533022,0.0045278111849502145,0.0,0.0,0.0,0.0028837913141585916,0.08949822891029052,0.08949822891029052,0.007166186272905259,0.058965971922580906,0.003964898519253697,0.0,0.0,0.0,0.003187256665071598,0.0732843133798115,0.0732843133798115,0.7531644524153699
Tajikistan,0.13299352604554615,0.02599687282285757,0.023220173549329454,0.0,0.010445106294634228,0.05725383579233509,0.00524142991884663,0.25515094442354913,0.25515094442354913,0.057866114238975655,0.015118712521632409,0.017605972377401663,0.0,0.0035495663394861285,0.03590598858078364,0.002424489209697132,0.13247084326797662,0.13247084326797662,0.12169143557782262,0.003263746432355937,0.0020583112394486573,0.0,0.027678725076818705,0.021733436602842045,0.0032469805524913313,0.17967263548177928,0.17967263548177928,0.024620381010816983,0.0037992165940665835,0.002565492998997984,0.0,0.0022660848904984972,0.007985114773610587,0.0009259203546067374,0.042162210622597396,0.042162210622597396,0.6067669464670957
United Republic of Tanzania,2.571018586333947,1.1798847526010865,0.002317735347956554,1.759902325548518,0.004889091451196386,0.046524301391795406,0.20612761935882196,5.770664412033323,5.770664412033323,3.7825432645582473,1.3945538518878184,0.002889850171499034,1.1306399654634514,0.0305696200420974,0.14451414511676536,0.2946985086056195,6.7804092058454986,6.7804092058454986,0.8540340657053584,0.20454372282680766,0.00023206718402256485,0.1708551371617827,0.020948981180296863,0.08651880387284133,0.05320714045456279,0.9490339168567559,0.9490339168567559,0.22798506282170417,0.10756583327903568,2.5764699063346008e-05,0.2739132594324398,0.0029155370131159417,0.01597196187773134,0.010741548903526132,0.14882694648624728,0.14882694648624728,0.7428204485200718
Thailand,0.3394807558648003,0.5185950415675433,0.43207898526682303,1.3238182115849846,0.023286134863839666,0.1700617781696884,0.1618149045884939,2.9691358119061735,2.9691358119061735,0.33472674445883716,0.5830362722979354,0.5832813599595317,2.8743580847362304,0.04588731365174462,0.1977007064710814,0.2717728159849014,4.890763297560262,4.890763297560262,0.07848911417820864,0.0774649968516985,0.02778524970544327,0.8118864533910077,0.0116701017118453,0.055188888859529495,0.054481046938803734,1.0744305874584064,1.0744305874584064,0.039923130438268506,0.012333770044406056,0.17530432656598072,0.1335497174586937,0.0030979081905027836,0.002408278442492806,0.013023047698438484,0.3421742319737815,0.3421742319737815,0.7063933905489456
Togo,0.09103992543128228,0.011342497473021277,0.0001399480931857992,0.0052827669741176584,0.0,0.015931390833840958,0.022484651089556478,0.14622117989500444,0.14622117989500444,0.06519600477152458,0.008767068076761381,0.00010561669440439777,0.003949651625423146,0.0,0.011897205934888494,0.016804593708603724,0.10672014081160572,0.10672014081160572,2.2587182152866703e-05,0.0,0.0,0.0,0.0,1.71620936628928e-05,0.0,0.0,0.0,0.011381882260743936,0.0010884607725885134,1.4761714463334377e-05,0.0005990851635038624,0.0,0.0018076409639727637,0.0024348156687967505,0.017326646544069166,0.017326646544069166,0.0762902841998575
Trinidad and Tobago,0.0034973174583550998,0.026051665965735903,0.09020915466434469,0.0,0.0,0.0,0.012237458212795219,0.13199559630123092,0.13199559630123092,0.002212223480966117,0.016381270110682425,0.058422605759349246,0.0,0.0,0.0,0.007633223640456247,0.08464932299145404,0.08464932299145404,0.0017851397188372964,0.013435931970273573,0.043897655395097566,0.0,0.0,0.0,0.0063487427938046966,0.06546746987801313,0.06546746987801313,0.001054053227598938,0.007932784611355263,0.02600226013251742,0.0,0.0,0.0,0.0037610704744233357,0.03875016844589495,0.03875016844589495,0.0963981967954717
Tunisia,0.10883255907562832,0.1441351025587742,0.028570487351646065,0.0,0.0,0.0056900712297152005,0.014427290233294816,0.30165551044905864,0.30165551044905864,0.15362683638616365,0.2399377974398795,0.09318468942867253,0.0,0.0,0.010697708629211183,0.02103855738100148,0.5184855892649283,0.5184855892649283,0.03872125275904931,0.07316321226938646,0.057849527708719074,0.0,0.0,0.004056691057549376,0.005276760947852784,0.17906744474255698,0.17906744474255698,0.021573249511886522,0.023808328368684323,0.012949484215205143,0.0,0.0,0.0006101065376955626,0.0024453014252776156,0.0613864700587492,0.0613864700587492,0.5897542155948243
Turkey,1.5556162531832793,0.5660500171401949,0.11493272182731236,0.010682407628256134,0.22229844343790114,0.25294335909057186,0.2555766536747813,2.978099855982297,2.978099855982297,1.300845524408713,0.6572190473151843,0.1515853266054769,0.011147679134806472,0.19434925992072452,0.28705564374588954,0.3197554570426462,2.9219579381734406,2.9219579381734406,0.3562385408218455,0.15875712268458908,0.03264453273482039,0.001999603375368836,0.11697011719199132,0.035835052309215076,0.0842736918368299,0.7482512354922419,0.7482512354922419,0.05858687806210905,0.06075875649137241,0.02870582830317267,0.001195130877977197,0.004476151884275664,0.01434623673700297,0.0412265748302329,0.20097678222387438,0.20097678222387438,0.7325460423481602
Turkmenistan,0.34273195316193733,0.0191239353015819,1.3257439154043233,0.0010773730103961722,0.0,0.019774982732154844,0.0073259839555868695,1.7157781435659805,1.7157781435659805,1.7668534700579546,0.14604942527179612,5.0929804024284255,0.0024136687883225282,0.0,0.026830623134452527,0.11802233910845926,7.153149928789411,7.153149928789411,1.2770761732741287,0.11254669053770495,1.5302925845347919,0.0012117950200808323,0.0,0.002773572024079289,0.10531948272887834,2.985806579040575,2.985806579040575,0.5861595342139934,0.0,0.0,0.05498193494265457,0.0,0.0632175458931889,0.0,0.5420066474912364,0.5420066474912364,0.7141256860908989
Uganda,0.6232327200220765,0.3158068488686759,0.009592870926409643,0.016142596595883355,0.0,0.0,0.10778500056200169,1.0725600369750472,1.0725600369750472,1.1631712720801555,0.3424761860101373,0.01627931299043153,0.036208570231397876,0.0,0.0,0.17515743228518563,1.7332927735973078,1.7332927735973078,0.19439953185220094,0.014007093242332902,0.0012899848342271935,0.007849804519535944,0.0,0.0,0.006129732783569514,0.017419687062886657,0.017419687062886657,0.15901582192978347,0.19224936692664696,0.002043117493877568,0.005061552108753399,0.0,0.0,0.026907330325070478,0.3142484932297769,0.3142484932297769,0.344511672385284
Ukraine,0.3221848044833357,0.4623421225603309,1.476078909629617,0.0,0.41278117175031576,0.37756212327487293,0.06280232359307457,3.1137514552915464,3.1137514552915464,0.47782430171683593,0.44216033003116395,1.6402401368536887,0.0,0.22055838630564076,0.18577133655517106,0.07229191699654411,3.0388464084590447,3.0388464084590447,0.06518351488169727,0.05042744143125283,0.1245768116319037,0.0,0.1073787923933372,0.083153460468036,0.005763711640607391,0.37737039335220013,0.37737039335220013,0.022883630983334624,0.011162476014590583,0.06487860861682404,0.0,0.01362628685647821,0.0506564972737476,0.002698543665229161,0.0730758742804496,0.0730758742804496,0.8883643801769986
United Arab Emirates,0.03997044160464718,0.4694549351974765,1.4271153824150462,0.0,0.0,0.0,0.016004573946978642,1.9525453331641487,1.9525453331641487,0.025601432735570914,0.26168418527410436,0.4201459674081913,0.0,0.0,0.0,0.009487909146612862,0.7169194945644795,0.7169194945644795,0.0015974716680126136,0.0,0.3136817364463743,0.0,0.0,0.0,1.7076003665118106e-05,0.2912836972116488,0.2912836972116488,0.006707530213126121,0.05631279873540501,0.2011997666763059,0.0,0.0,0.0,0.0023247224433306686,0.2639456231713361,0.2639456231713361,0.916590701470356
United Kingdom,0.9947390454525876,0.6113235202763221,0.1679270795159527,0.0,0.018992439245376788,0.00930229852032491,0.07593599869537024,1.8782203817059342,1.8782203817059342,0.6881127453083212,0.4346064368700131,0.13849564594673403,0.0,0.008442053271497186,0.004811924966971653,0.054014635913848155,1.3284834422773855,1.3284834422773855,0.24301976636295775,0.09832067083750584,0.013301744406832156,0.0,0.016227727848744263,0.006987096899070917,0.02964147796042217,0.40749848431553326,0.40749848431553326,0.07066273882501961,0.01310317631705532,0.0028463358972714847,0.0,0.003792090444040828,0.0016467551281442623,0.004726683338284257,0.09383398983583291,0.09383398983583291,0.7820744406569077
United States of America,9.140943889880518,5.137798188875889,8.507771870906543,0.5938959660418033,1.864176583944616,1.9949851116981658,0.6936066350695403,27.933178246417075,27.933178246417075,11.83553690653392,5.81983038687978,13.204523190778945,0.44009143463826883,2.06029459686508,1.7649190319653836,0.8171041346487816,35.94229968231016,35.94229968231016,1.204592158180679,0.7151368542749923,2.6709613515604325,0.0,0.15916398351418826,0.26082064928337023,0.08242329923309166,4.788039324679044,4.788039324679044,0.35581569368803656,0.24751778336368613,0.5694876479730837,0.023721560044620338,0.04710896351858196,0.17426036515681553,0.03167286303287109,1.2520044051213475,1.2520044051213475,0.8741105576280439
Uruguay,0.688674264195918,0.05377808419902719,0.00024518018635240503,0.014113508616839524,0.0,0.18180724484433583,0.0103233813761291,0.9489416634186022,0.9489416634186022,0.9004648174809977,0.05292437313996216,0.0002491040478132894,0.022619935560052845,0.0,0.12927285976863573,0.011347938172344071,1.1168790281698058,1.1168790281698058,0.17726646550854153,0.015346395380941819,4.134599685740728e-05,0.007208182848563846,0.0,0.08897824407631805,0.0025870233748397573,0.23091991168975046,0.23091991168975046,0.11215434764091614,0.0006884505740200192,0.0,0.006177070479155371,0.0,0.020001182578293253,0.0,0.09167327424187222,0.09167327424187222,0.423606018761938
Uzbekistan,0.6136222289658926,0.3348922370868946,1.785695506468162,0.0,0.005216916216837822,0.004719092121463161,0.027218524329578605,2.7713645051888283,2.7713645051888283,0.7707436590738179,0.4067790031620274,2.2708277106054364,0.0,0.002047450517385677,0.0015548403064033897,0.03204445165763208,3.483997115322703,3.483997115322703,0.08025938007157896,0.028248043563311898,0.18630348120710272,0.0,0.002535798521162018,0.007747197874566066,0.0012924585707962816,0.279783734200191,0.279783734200191,0.0,0.015689413576984113,0.0,0.0,0.0010121626186746211,0.0010547149321896137,0.0025221578593329144,0.0,0.0,0.8382001566448791
Venezuela,0.7902854500618752,0.29091102336159236,0.7739570988006607,0.029073648069767713,0.0003595735284187034,0.6719643869400902,0.02139361992285438,2.577944800685259,2.577944800685259,2.7356277795287585,1.5557769927329668,3.697706198078895,0.07444760417166596,0.0003398968651985746,0.7765948570436827,0.1357619921036659,8.976255320524833,8.976255320524833,1.3421513589669032,1.095907761418208,1.8168286479362685,0.043457657944930346,3.567101602110071e-05,0.0,0.10040276727877652,4.238377534964678,4.238377534964678,0.017102348608863505,0.2871673160257131,0.4567279008713676,0.023706011313241432,5.7139511774735704e-05,0.16131330326583393,0.024212556870804758,0.5879603370759305,0.5879603370759305,0.5252176621406162
Vietnam,0.49846061315250617,0.7483539590065794,0.4528370062273939,1.7998462952177168,0.1028362341167476,0.25930332233753,0.1604045238119152,4.022041953870389,4.022041953870389,0.5747238280679446,0.8915575674830044,0.36600532505149475,1.8587139935855594,0.07588659084959988,0.39419790670697047,0.22010546578919016,4.381190677533764,4.381190677533764,0.08607090589107452,0.14026262493468666,0.2043005821713115,0.3422822619591337,0.1147097129637426,0.15498031495986922,0.047590289432617366,1.0308268355811716,1.0308268355811716,0.026418154666504656,0.010865293815356947,0.0694584402274106,0.058859719772143215,0.01588814829667473,0.032899391752928,0.01454514425384651,0.00970809346128032,0.00970809346128032,0.7558532009324678
Yemen,0.20750709030889813,0.11104009383474664,0.023123278518878233,0.0,0.0,0.0,0.002493659560326909,0.34416412222285,0.34416412222285,0.5753479301806593,0.4799047035848779,0.07380314811429502,0.0,0.0,0.0,0.00564042520350521,1.1346962070833375,1.1346962070833375,0.33647688927750286,0.3506345237603826,0.04549143280799771,0.0,0.0,0.0,0.0029882173713585594,0.7354451153553327,0.7354451153553327,0.0,0.05210669459247752,0.03508249142492928,0.0,0.0,0.0,0.0003516290648291221,0.08182245742524996,0.08182245742524996,0.1921908639821699
Zambia,0.5291386776634304,0.007384606794191026,2.3871288555018667e-05,0.00047067376748142315,0.0006838323559351717,0.07558799894102101,0.06821264911048117,0.6815023099210952,0.6815023099210952,1.3899885302922421,0.015935870165869268,4.7622120043993815e-05,0.0009697623059954642,0.000828344828737857,0.2764669134055843,0.1846665875672563,1.8689036306857294,1.8689036306857294,0.6420326456393597,0.005464036810196209,1.4576468580417087e-05,0.0004319197239340968,0.00010282601009902728,0.14983319497181374,0.08426867891424694,0.8820521636617875,0.8820521636617875,0.09991906082506108,0.0012519993767249882,3.185412799250807e-06,5.749782939211119e-05,0.00015787617013902574,0.008398053514294901,0.010361887066037051,0.12010530141834885,0.12010530141834885,0.3446303893244135
Zimbabwe,0.3768066951599697,0.025984267962793427,0.0005016119472251156,0.0,0.005601839207823076,0.3740276205737672,0.09700668063388929,0.8799287154854677,0.8799287154854677,0.7987839078384541,0.03674735439080787,0.002069778932141732,0.0,0.019687811645887836,0.14824275339827017,0.18629574919833441,1.191827355403896,1.191827355403896,0.3126311125064206,0.0034730299454516916,0.001274570908579732,0.0,0.012883852335602197,0.018420701545337786,0.06129708651036593,0.34018797459567907,0.34018797459567907,0.052862277323852847,0.00023853353109765801,0.0,0.0,0.004882893153440256,0.07505034585861792,0.008595958136209086,0.04809357220636756,0.04809357220636756,0.8842927080661612
eSwatini,0.04223343819593118,0.08823734988711134,0.00032583752303411205,0.0,0.003107583765034847,0.00014552206030816233,0.0050803689050954864,0.13913010033651513,0.13913010033651513,0.03746195802827336,0.06570594577326465,0.0002740313094463952,0.0,0.002758637098202569,9.546142516672519e-05,0.004292869942599241,0.11058890357695293,0.11058890357695293,0.0036463434362947814,0.008088365249428138,2.919498440804311e-05,0.0,0.00017409802101976592,1.6458873997191362e-05,0.0004477876128883571,0.012400000987728158,0.012400000987728158,0.0036174808633900185,0.01577560963518297,3.749226227691468e-05,0.0,0.00030667939790187575,3.4276413435478e-05,0.0005743031657942056,0.02034584173798147,0.02034584173798147,0.4448240614936696
